#,District,Facility name,Total Beds,Occupied Beds,Vacant Beds,Bed Occupency Rate (%),Doctor,Nurse,Other staff
1,Bagerhat,"Bagerhat District Hospital, Bagerhat",80,0,80,0,11,25,11
2,Bagerhat,Chitalmari Upazila Health Complex,10,0,10,0,3,6,2
3,Bagerhat,Fakirhat Upazila Health Complex,20,0,20,0,12,20,5
4,Bagerhat,Kachua BH Upazila Health Complex,10,0,10,0,1,2,1
5,Bagerhat,Mollahat Upazila Health Complex,23,1,22,4,13,24,19
6,Bagerhat,Mongla Upazila Health Complex,20,6,14,30,1,3,3
7,Bagerhat,Morrelganj Upazila Health Complex,0,0,0,0,16,30,121
8,Bagerhat,Rampal Upazila Health Complex,20,0,20,0,11,27,5
9,Bagerhat,Sarankhola Upazila Health Complex,10,0,10,0,7,22,107
10,Bandarban,Alikadam Upazila Health Complex,5,0,5,0,,,
11,Bandarban,"Bandarban District Hospital, Bandarban",100,0,100,0,14,16,27
12,Bandarban,Lama Upazila Health Complex,5,0,5,0,2,3,2
13,Bandarban,Naikhongchari Upazila Health Complex,20,0,20,0,4,4,10
14,Bandarban,Rowangchari Upazila Health Complex,5,0,5,0,1,1,2
15,Bandarban,Ruma Upazila Health Complex,5,0,5,0,3,5,2
16,Bandarban,Thanchi Upazila Health Complex,5,0,5,0,0,0,0
17,Barguna,Amtali Upazila Health Complex,0,0,0,0,,,
18,Barguna,Bamna Upazila Health Complex,10,0,10,0,4,20,9
19,Barguna,"Barguna District Hospital, Barguna",50,16,34,32,8,20,10
20,Barguna,Betagi Upazila Health Complex,2,0,2,0,9,34,10
21,Barguna,Patharghata Upazila Health Complex,16,0,16,0,14,35,82
22,Barishal,"Agailjhara Upazila Health Complex, Barisal",20,0,20,0,10,9,10
23,Barishal,"Babuganj Upazila Health Complex, Barisal",20,0,20,0,2,4,4
24,Barishal,"Bakerganj Upazila Health Complex, Barisal",20,0,20,0,24,27,20
25,Barishal,Banaripara Upazila Health Complex,20,0,20,0,5,29,30
26,Barishal,"Barisal District Hospital, Barisal",22,0,22,0,8,20,15
27,Barishal,Gournadi Upazila Health Complex,20,0,20,0,4,4,5
28,Barishal,Hijla Upazila Health Complex,5,0,5,0,14,25,5
29,Barishal,Mehendiganj Upazila Health Complex,20,0,20,0,6,30,46
30,Barishal,Muladi Upazila Health Complex,0,0,0,0,,,
31,Barishal,"Sher-e-Bangla Medical College Hospital, Barisal",300,0,300,0,10,10,10
32,Barishal,Wazirpur Upazila Health Complex,20,0,20,0,6,16,6
33,Bhola,"Bhola District Hospital, Bhola",112,0,112,0,0,0,0
34,Bhola,Borhanuddin Upazila Health Complex,20,0,20,0,13,27,114
35,Bhola,Charfession Upazila Health Complex,20,0,20,0,23,23,15
36,Bhola,Daulatkhan Upazila Health Complex,20,0,20,0,2,4,4
37,Bhola,Lalmohan Upazila Health Complex,20,0,20,0,4,4,3
38,Bhola,Manpura Upazila Health Complex,20,0,20,0,5,9,12
39,Bhola,Tajumuddin Upazila Health Complex,20,0,20,0,9,8,6
40,Bogura,Adamdighi Upazila Health Complex,20,0,20,0,12,20,10
41,Bogura,Dhunat Upazila Health Complex,10,0,10,0,9,9,2
42,Bogura,Dhupchachia Upazila Health Complex,5,0,5,0,3,6,6
43,Bogura,Gabtali Upazila Health Complex,20,0,20,0,14,23,5
44,Bogura,Kahaloo Upazila Health Complex,5,0,5,0,3,3,2
45,Bogura,"Mohammad Ali District Hospital , Bogra",30,0,30,0,55,237,113
46,Bogura,Nandigram Upazila Health Complex,5,0,5,0,1,6,2
47,Bogura,Sariakandi Upazila Health Complex,0,0,0,0,,,
48,Bogura,"Shaheed Ziaur Rahman Medical College Hospital, Bogra",90,0,90,0,180,517,421
49,Bogura,Shajahanpur Upazila Health Complex,5,0,5,0,0,0,0
50,Bogura,Sherpur Upazila Health Complex,5,0,5,0,3,3,3
51,Bogura,Shibganj Bogra Upazila Health Complex,5,0,5,0,8,12,5
52,Bogura,Sonatala Upazila Health Complex,5,0,5,0,12,25,18
53,Bogura,TMSS Medical College & Rafatullah Community Hospital,36,1,35,3,5,5,4
54,Bogura,TMSS Medical College & Rafatullah Community Hospital,36,1,35,3,5,5,4
55,Brahmanbaria,Akhaura Upazila Health Complex,20,0,20,0,4,4,4
56,Brahmanbaria,Ashugonj Upazila Health Complex,20,0,20,0,4,3,2
57,Brahmanbaria,Bancharampur Upazila Health Complex,20,2,18,10,10,15,30
58,Brahmanbaria,Bijoynagar Upazila Health Complex,20,0,20,0,5,24,9
59,Brahmanbaria,Brahmanbaria 250 Bed District Sadar Hospital,50,0,50,0,3,3,3
60,Brahmanbaria,Kashba Upazila Health Complex,20,0,20,0,0,0,0
61,Brahmanbaria,Nabinagar Upazila Health Complex,20,0,20,0,18,28,35
62,Brahmanbaria,Nasirnagar Upazila Health Complex,20,0,20,0,6,6,6
63,Brahmanbaria,Sarail Upazila Health Complex,21,0,21,0,5,5,5
64,Chandpur,Chandpur 250 Bed General Hospital,30,26,4,87,10,17,6
65,Chandpur,Faridganj Upazila Health Complex,20,0,20,0,4,4,3
66,Chandpur,Haimchar Upazila Health Complex,20,0,20,0,17,20,56
67,Chandpur,Haziganj Upazila Health Complex,10,0,10,0,2,2,1
68,Chandpur,Kachua Upazila Health Complex,20,0,20,0,3,3,6
69,Chandpur,Matlab(daxin) Upazila Health Complex,20,0,20,0,12,12,5
70,Chandpur,Matlab(uttar) Upazila Health Complex,20,0,20,0,14,25,12
71,Chandpur,Saharasthi Upazila Health Complex,24,0,24,0,14,14,40
72,Chapai Nawabganj,Bholahat Upazila Health Complex,10,0,10,0,2,10,8
73,Chapai Nawabganj,Chapai Nababganj 250 bed Adhunik Sadar Hospital,10,0,10,0,3,6,6
74,Chapai Nawabganj,Gomastapur Upazila Health Complex,20,0,20,0,8,17,9
75,Chapai Nawabganj,Nachol Upazila Health Complex,0,0,0,0,0,0,0
76,Chapai Nawabganj,Shibganj NG Upazila Health Complex,8,0,8,0,3,3,6
77,Chattogram,Anwara Upazila Health Complex,20,0,20,0,6,4,2
78,Chattogram,Asian Hospital (Pvt.) Limited,43,6,37,14,32,39,75
79,Chattogram,"Bangabandhu Memorial Hospital,Chattogram",63,18,45,29,16,15,12
80,Chattogram,"Bangladesh Institute of Tropical and Infectious Diseases, Fouzdarhat",50,0,50,0,45,37,26
81,Chattogram,Banshkhali Upazila Health Complex,20,0,20,0,2,4,2
82,Chattogram,Boalkhali Upazila Health Complex,23,0,23,0,26,23,45
83,Chattogram,Chandanaish Upazila Health Complex,20,0,20,0,,,
84,Chattogram,"Chattogram General Hospital, Chattogram",182,2,180,1,91,137,50
85,Chattogram,Chattogram Maa Shishu O General Hospital,85,13,72,15,20,30,40
86,Chattogram,"Chattogram Medical College Hospital,Chattogram",358,20,338,6,77,73,64
87,Chattogram,Chattogram Metropolitan Hospital Limited,32,7,25,22,9,16,30
88,Chattogram,Chittagong Specialized Treatment & Trauma Center (CSTC),12,1,11,8,4,10,10
89,Chattogram,CMP-Bidyanondo Field Hospital,50,2,48,4,18,10,30
90,Chattogram,"CSCR Hospital, Chittagong",6,0,6,0,3,13,13
91,Chattogram,Dohazari 31 Beded Hospital,20,0,20,0,,,
92,Chattogram,Fatikchari Upazila Health Complex,30,0,30,0,1,1,0
93,Chattogram,Hathazari Upazila Health Complex,20,0,20,0,1,2,3
94,Chattogram,"Imperial Hospital Limited, Chittagong",31,0,31,0,14,15,14
95,Chattogram,Lohagara Trauma Center,20,0,20,0,7,5,4
96,Chattogram,Lohagara Upazila Health Complex,20,0,20,0,9,7,5
97,Chattogram,"Max Hospital, CTG",27,0,27,0,23,67,230
98,Chattogram,"Medical center hospital, Chattogram",30,9,21,30,5,35,25
99,Chattogram,Mirarsarai Upazila Health Complex,0,0,0,0,0,0,0
100,Chattogram,National Hospital Chattogram (Pvt.) Ltd,20,4,16,20,7,15,25
101,Chattogram,Patiya Upazila Health Complex,20,0,20,0,3,6,3
102,Chattogram,Rangunia Upazila Health Complex,14,0,14,0,5,5,6
103,Chattogram,Raozan Upazila Health Complex,10,0,10,0,21,22,17
104,Chattogram,Sandwip Upazila Health Complex,20,0,20,0,6,6,6
105,Chattogram,Satkania Upazila Health Complex,20,3,17,15,0,0,0
106,Chattogram,Sitakunda Upazila Health Complex,20,0,20,0,24,30,122
107,Chattogram,"Sultanpur 31 bed Hospital, Raozan",50,0,50,0,5,20,2
108,Chattogram,Surgiscope Hospital Limited,21,0,21,0,7,28,12
109,Chuadanga,Alamdanga Upazila Health Complex,10,0,10,0,5,4,5
110,Chuadanga,"Chuadanga District Hospital, Chuadanga",154,0,154,0,18,65,36
111,Chuadanga,Damurhuda Upazila Health Complex,30,0,30,0,8,15,8
112,Chuadanga,Jibannagar Upazila Health Complex,26,0,26,0,10,12,55
113,Comilla,Barura Upazila Health Complex,0,0,0,0,0,0,0
114,Comilla,Brahmmanpara Upazila Health Complex,10,0,10,0,3,6,6
115,Comilla,Burichong Upazila Health Complex,20,0,20,0,22,29,6
116,Comilla,Chaddagram Upazila Health Complex,0,0,0,0,0,0,0
117,Comilla,Chandina Upazila Health Complex,15,0,15,0,0,0,0
118,Comilla,Comilla Sadar Daxin Upazila Health Complex,17,0,17,0,3,6,3
119,Comilla,Cumilla General Hospital,100,0,100,0,27,91,75
120,Comilla,Cumilla Medical College Hospital,230,17,213,7,10,100,20
121,Comilla,Daudkandi Upazila Health Complex,32,0,32,0,9,14,16
122,Comilla,Debidwar Upazila Health Complex,10,0,10,0,2,4,3
123,Comilla,Homna Upazila Health Complex,10,0,10,0,3,3,6
124,Comilla,Laksham Upazila Health Complex,30,0,30,0,3,6,3
125,Comilla,Meghna Upazila Health Complex,10,0,10,0,3,3,3
126,Comilla,Monoharganj Upazila Health Complex,0,20,-20,0,19,20,3
127,Comilla,Muradnagar Upazila Health Complex,10,0,10,0,3,4,2
128,Comilla,Nangolkot Upazila Health Complex,14,0,14,0,42,8,1
129,Comilla,Titas Upazila Health Complex,13,0,13,0,1,2,2
130,Coxs Bazar,Chakaria Upazila Health Complex,50,0,50,0,2,1,7
131,Coxs Bazar,Cox's Bazar 250 Bed District Sadar Hospital,59,0,59,0,35,59,52
132,Coxs Bazar,Kutubdia Upazila Health Complex,27,0,27,0,4,6,10
133,Coxs Bazar,Moheshkhali Upazila Health Complex,50,0,50,0,0,0,0
134,Coxs Bazar,Pekua Upazila Health Complex,0,0,0,0,0,0,0
135,Coxs Bazar,Ramu Upazila Health Complex,50,0,50,0,7,4,3
136,Coxs Bazar,Teknaf Upazila Health Complex,0,0,0,0,5,5,30
137,Coxs Bazar,Ukhyia Upazila Health Complex,30,0,30,0,18,15,20
138,Dhaka,250 Beded TB Hospital Shyamoli,126,10,116,8,30,80,79
139,Dhaka,"Ad-Din Medical College Hospital Mogbazar, Dhaka",22,0,22,0,7,16,8
140,Dhaka,"AL-MANAR HOSPITAL LTD, Dhaka",23,0,23,0,8,20,10
141,Dhaka,AMZ Hospital Ltd.,22,0,22,0,36,67,300
142,Dhaka,Anwar Khan Modern Medical College Hospital,178,0,178,0,95,185,600
143,Dhaka,Asgar Ali Hospital,8,0,8,0,84,97,58
144,Dhaka,Bangabandhu Sheikh Mujib Medical University (BSMMU),0,0,0,0,0,0,0
145,Dhaka,"Bangladesh Institute of Health Sciences General Hospital, Dhaka",51,0,51,0,15,6,15
146,Dhaka,Bangladesh Medical College & Hospital,51,1,50,2,12,74,79
147,Dhaka,Bangladesh Specialized Hospital Limited,6,0,6,0,47,98,110
148,Dhaka,"Better life Hospital, Rampura",86,1,85,1,80,95,98
149,Dhaka,BIRDEM General Hospital,36,7,29,19,20,48,16
150,Dhaka,Care Medical College Hospital,18,0,18,0,12,24,20
151,Dhaka,"Central Police Hospital, Rajarbag, Dhaka",500,203,297,41,43,82,66
152,Dhaka,Dhaka Central International Medical College & Hospital,82,2,80,2,23,67,66
153,Dhaka,"Dhaka Medical College Hospital, Dhaka",545,12,533,2,180,330,160
154,Dhaka,Dhamrai Upazila Health Complex,1,0,1,0,25,34,84
155,Dhaka,Dhanmondi Clinic Pvt Ltd,13,2,11,15,14,20,20
156,Dhaka,Dhanmondi General And Kidney Hospital Limited,25,2,23,8,31,41,56
157,Dhaka,DNCC Dedicated Covid-19 Hospital,1054,0,1054,0,73,71,276
158,Dhaka,Dohar Upazila Health Complex,10,0,10,0,22,26,84
159,Dhaka,Dr. Azmal Hospital Ltd,13,0,13,0,5,12,13
160,Dhaka,Enam Medical College & Hospital,20,0,20,0,12,25,24
161,Dhaka,Evercare Hospital Limited Dhaka,10,5,5,50,38,11,14
162,Dhaka,Famous Specialized Hospital,30,0,30,0,16,22,60
163,Dhaka,Gonoshasthaya Nagar Hospital,25,0,25,0,4,8,2
164,Dhaka,Green Life Medical College Hospital,10,0,10,0,10,10,10
165,Dhaka,"Hi-Care General Hospital Ltd, Dhaka",38,0,38,0,10,24,40
166,Dhaka,Holy Family Red Cresent Medical College Hospital,165,0,165,0,26,67,50
167,Dhaka,IBN SINA Medical College Hospital,16,0,16,0,1,2,1
168,Dhaka,Impulse Hospital,306,0,306,0,60,150,250
169,Dhaka,"Infectious Diseases Hospital, Dhaka",50,2,48,4,21,60,6
170,Dhaka,Insaf Barakah Kidney and General Hospital,34,0,34,0,19,5,46
171,Dhaka,"Japan Bangladesh Friendship Hospital, Dhaka",40,0,40,0,16,60,30
172,Dhaka,Keraniganj Upazila Health Complex,0,0,0,0,,,
173,Dhaka,Kurmitola General Hospital ( 500 Bed ),300,24,276,8,315,402,425
174,Dhaka,Kuwait Bangladesh Friendship Govt. Hospital,80,58,22,73,118,130,140
175,Dhaka,Labaid Hospital,0,0,0,0,5,14,10
176,Dhaka,Millennium Heart & General Hospital Limited,24,6,18,25,15,30,35
177,Dhaka,Monowara Hospital Ltd.,22,0,22,0,6,14,16
178,Dhaka,Mugda Medical College and Hospital,80,1,79,1,306,407,376
179,Dhaka,National Heart Foundation Hospital & Research Institute,36,0,36,0,35,40,15
180,Dhaka,"National Institute of Cancer Research and Hospital, Dhaka",0,0,0,0,0,0,0
181,Dhaka,"National Institute of Cardiovascular Diseases, Dhaka",50,0,50,0,24,160,
182,Dhaka,"National Institute of Diseases of the Chest and Hospital,Dhaka",120,43,77,36,53,90,25
183,Dhaka,National Institute of ENT,0,0,0,0,,,
184,Dhaka,"National Institute of Kidney Diseases & Urology, Dhaka",20,0,20,0,8,6,5
185,Dhaka,"National Institute of Mental Health and Research, Dhaka",0,0,0,0,0,0,0
186,Dhaka,National Institute of Neuro Science (NINS),62,0,62,0,20,40,40
187,Dhaka,"National Institute of Ophthalmology, Dhaka(NIO)",100,0,100,0,,,
188,Dhaka,"National Institute of Traumatology & Orthopaedic Rehabilitation, Dhaka(NITO",0,0,0,0,0,0,0
189,Dhaka,Nawabganj Upazila Health Complex,0,0,0,0,,,
190,Dhaka,Popular Medical College & Hospital,130,0,130,0,70,200,300
191,Dhaka,Proshanti Hospital,8,0,8,0,3,6,6
192,Dhaka,SAJIDA Foundation Hospital Keraniganj,22,0,22,0,10,6,17
193,Dhaka,Samorita Hospital Ltd,54,0,54,0,3,10,9
194,Dhaka,"Sarkari Karmachari Hospital- Fulbaria, Dhaka",35,0,35,0,130,80,150
195,Dhaka,Savar Upazila Health Complex,0,0,0,0,,,
196,Dhaka,"Shahabuddin Medical College and Hospital, Gulshan",200,0,200,0,87,120,110
197,Dhaka,"Shaheed Suhrawardy Medical College Hospital, Dhaka",85,11,74,13,183,487,417
198,Dhaka,Sheikh Russel Gastro Liver Institute and Hospital,190,0,190,0,140,362,219
199,Dhaka,Sir Salimullah Medical College Mitford Hospital Dhaka,0,0,0,0,0,0,0
200,Dhaka,"Square Hospital, Dhaka",4,0,4,0,3,10,12
201,Dhaka,"United Hospital Limited, Dhaka",8,0,8,0,,,
202,Dhaka,"Universal Medical College Hospital, Dhaka",65,7,58,11,37,67,62
203,Dhaka,Uttara Cresent Hospital,20,0,20,0,10,25,15
204,Dhaka,Uttara Lake View Specialized Hospital (Pvt.) LTD,20,0,20,0,2,8,7
205,Dhaka,Yamagata Dhaka friendship Hospital,0,0,0,0,15,,
206,Dhaka,Z.H. Sikder Women's Medical College & Hospital Ltd,14,0,14,0,3,3,5
207,Dinajpur,Birampur Upazila Health Complex,20,0,20,0,12,28,65
208,Dinajpur,Birganj Upazila Health Complex,10,0,10,0,6,9,18
209,Dinajpur,Birol Upazila Health Complex,0,0,0,0,16,30,2
210,Dinajpur,Bochaganj Upazila Health Complex,10,8,2,80,3,6,3
211,Dinajpur,Chirirbandar Upazila Health Complex,13,0,13,0,,,
212,Dinajpur,"Dinajpur District Hospital, Dinajpur",0,0,0,0,0,0,0
213,Dinajpur,Fulbari DP Upazila Health Complex,0,0,0,0,7,24,70
214,Dinajpur,Ghoraghat Upazila Health Complex,4,0,4,0,12,32,42
215,Dinajpur,Hakimpur Upazila Health Complex,15,0,15,0,2,6,2
216,Dinajpur,Kaharol Upazila Health Complex,0,0,0,0,12,30,
217,Dinajpur,Khansama Upazila Health Complex,20,0,20,0,12,32,30
218,Dinajpur,"M Abdur Rahim Medical College Hospital, Dinajpur",30,0,30,0,26,41,29
219,Dinajpur,Nawabganj DP Upazila Health Complex,20,0,20,0,5,8,6
220,Dinajpur,Parbatipur Upazila Health Complex,15,0,15,0,4,6,3
221,Faridpur,Alfadanga Upazila Health Complex,5,0,5,0,6,6,6
222,Faridpur,Bhanga Upazila Health Complex,5,0,5,0,0,0,0
223,Faridpur,Boalmari Upazila Health Complex,10,0,10,0,12,4,2
224,Faridpur,Charbhadrason Upazila Health Complex,6,1,5,17,7,8,8
225,Faridpur,"Faridpur General Hospital, Faridpur",6,0,6,0,20,35,20
226,Faridpur,"Faridpur Medical College Hospital, Faridpur",80,4,76,5,20,30,29
227,Faridpur,Modhukhali Upazila Health Complex,4,0,4,0,10,12,96
228,Faridpur,Nagarkanda Upazila Health Complex,2,0,2,0,2,2,2
229,Faridpur,Sadarpur Upazila Health Complex,6,0,6,0,7,21,3
230,Feni,Chhagalnaya Upazila Health Complex,2,0,2,0,21,30,4
231,Feni,Daganbhuiya Upazila Health Complex,0,0,0,0,0,0,0
232,Feni,Feni 250 Bed District Sadar Hospital,154,0,154,0,0,0,0
233,Feni,"Fulgazi Health Complex, Feni",10,0,10,0,3,3,3
234,Feni,Parsuram Upazila Health Complex,20,0,20,0,8,26,9
235,Feni,Sonagazi Upazila Health Complex,25,0,25,0,0,0,0
236,Gaibandha,Fulchari Upazila Health Complex,15,0,15,0,9,27,22
237,Gaibandha,"Gaibandha District Hospital, Gaibandha",42,0,42,0,3,6,3
238,Gaibandha,Gobindaganj Upazila Health Complex,6,0,6,0,5,4,11
239,Gaibandha,Palashbari Upazila Health Complex,10,0,10,0,7,10,7
240,Gaibandha,Sadullapur Upazila Health Complex,10,0,10,0,20,36,15
241,Gaibandha,Shaghatta Upazila Health Complex,6,0,6,0,14,25,14
242,Gaibandha,Sundarganj Upazila Health Complex,20,0,20,0,12,25,14
243,Gazipur,Japan East West Medical College Hospital,71,0,71,0,23,32,10
244,Gazipur,Kaliakair Upazila Health Complex,0,0,0,0,0,0,0
245,Gazipur,Kaliganj GZ Upazila Health Complex,2,0,2,0,20,35,150
246,Gazipur,Kapasia Upazila Health Complex,5,0,5,0,17,41,2
247,Gazipur,"Shaheed Ahsan Ullah Master General Hospital, Tongi, Gazipur",20,0,20,0,3,3,0
248,Gazipur,"Shaheed Tajuddin Ahmad Medical College Hospital, Gazipur",110,0,110,0,3,6,2
249,Gazipur,Sreepur Upazila Health Complex,25,0,25,0,10,10,6
250,Gopalganj,Gopalganj 250 bed General Hospital,100,0,100,0,5,4,7
251,Gopalganj,Kashiani Upazila Health Complex,10,0,10,0,24,34,10
252,Gopalganj,Kotalipara Upazila Health Complex,10,0,10,0,10,14,12
253,Gopalganj,Mukshedpur Upazila Health Complex,10,0,10,0,23,29,
254,Gopalganj,Tungipara Upazila Health Complex,34,0,34,0,15,37,5
255,Habiganj,"Azmiriganj Upazila Health Complex,Habiganj",5,0,5,0,12,26,24
256,Habiganj,"Bahubal Upazila Health Complex,Habiganj",10,0,10,0,4,6,2
257,Habiganj,"Baniachong Upazila Health Complex, Habiganj",5,0,5,0,18,21,15
258,Habiganj,"Chunarughat Upazila Health Complex,Habiganj",0,0,0,0,0,0,0
259,Habiganj,"Hobiganj District Hospital, Hobiganj",100,0,100,0,21,18,21
260,Habiganj,"Lakhai Upazila Health Complex,Habiganj",5,0,5,0,7,20,48
261,Habiganj,"Madhabpur Upazila Health Complex,Habiganj",20,0,20,0,10,30,25
262,Habiganj,"Nabiganj Upazila Health Complex,Habiganj",19,0,19,0,15,29,12
263,Jamalpur,Bakshiganj Upazila Health Complex,10,0,10,0,5,10,5
264,Jamalpur,Dewanganj Upazila Health Complex,20,0,20,0,10,10,10
265,Jamalpur,Islampur Upazila Health Complex,10,0,10,0,10,30,6
266,Jamalpur,Jamalpur 250 Beded General Hospital,72,0,72,0,10,30,10
267,Jamalpur,Madarganj Upazila Health Complex,10,0,10,0,11,22,10
268,Jamalpur,Melandaha Upazila Health Complex,10,0,10,0,8,38,36
269,Jamalpur,Sarishabari Upazila Health Complex,0,0,0,0,15,28,15
270,Jashor,Abhoynagar Upazila Health Complex,40,0,40,0,12,36,35
271,Jashor,Bagherpara Upazila Health Complex,25,2,23,8,15,28,22
272,Jashor,Chowgacha Upazila Health Complex,26,0,26,0,17,24,35
273,Jashor,Jassore 250 bed General Hospital,38,0,38,0,30,25,3
274,Jashor,"Jessore Chest Hospital, Jessore",28,0,28,0,2,5,5
275,Jashor,Jhikargacha Upazila Health Complex,20,0,20,0,15,25,20
276,Jashor,Keshabpur Upazila Health Complex,23,0,23,0,19,35,40
277,Jashor,Monirampur Upazila Health Complex,5,0,5,0,2,3,5
278,Jashor,Sarsa Upazila Health Complex,0,0,0,0,,,
279,Jhalokathi,Jhalokathi District Hospital,20,0,20,0,9,12,3
280,Jhalokathi,Kathalia Upazila Health Complex,15,0,15,0,5,25,8
281,Jhalokathi,Nalchithi Upazila Health Complex,25,0,25,0,10,22,40
282,Jhalokathi,Rajapur Upazila Health Complex,20,0,20,0,5,32,87
283,Jhenaidah,"Harinakunda Upazila Health Complex, Jhenaidah",0,0,0,0,0,0,0
284,Jhenaidah,"Jhenaidah District Hospital, Jhenaidah",20,1,19,5,7,10,15
285,Jhenaidah,Kaliganj JD Upazila Health Complex,17,0,17,0,12,12,10
286,Jhenaidah,Kotchandpur Upazila Health Complex,0,0,0,0,6,10,6
287,Jhenaidah,Moheshpur Upazila Health Complex,0,0,0,0,8,35,112
288,Jhenaidah,Shailkupa Upazila Health Complex,5,0,5,0,8,8,8
289,Joypurhat,Akkelpur Upazila Health Complex,0,0,0,0,0,0,0
290,Joypurhat,"Joypurhat District Hospital, Joypurhat",20,0,20,0,8,16,18
291,Joypurhat,Kalai Upazila Health Complex,10,0,10,0,0,0,0
292,Joypurhat,Khetlal Upazila Health Complex,0,0,0,0,3,6,3
293,Joypurhat,Panchbibi Upazila Health Complex,5,0,5,0,12,35,10
294,Khagrachhari,Dighinala Upazila Health Complex,2,0,2,0,2,2,4
295,Khagrachhari,"Khagrachari District Hospital, Khagrachari",50,0,50,0,12,30,17
296,Khagrachhari,Lakshmichari Upazila Health Complex,3,0,3,0,4,6,6
297,Khagrachhari,Manikchari Upazila Health Complex,5,0,5,0,2,4,4
298,Khagrachhari,Matiranga Upazila Health Complex,8,0,8,0,15,4,5
299,Khagrachhari,Mohalchari Upazila Health Complex,5,0,5,0,2,3,2
300,Khagrachhari,Panchari Upazila Health Complex,9,0,9,0,1,2,2
301,Khagrachhari,Ramgarh Upazila Health Complex,5,0,5,0,9,15,11
302,Khulna,Batiaghata Upazila Health Complex,20,0,20,0,12,20,29
303,Khulna,Dacope Upazila Health Complex,20,0,20,0,9,20,12
304,Khulna,Dighalia Upazila Health Complex,10,0,10,0,2,3,3
305,Khulna,Dumuria Upazila Health Complex,20,0,20,0,20,29,123
306,Khulna,Fultala Upazila Health Complex,15,0,15,0,20,34,15
307,Khulna,Gazi Medical College Hospital,159,5,154,3,30,65,120
308,Khulna,"Khulna District Hospital, Khulna",80,0,80,0,47,147,88
309,Khulna,"Khulna Medical College Hospital, Khulna",200,4,196,2,21,36,56
310,Khulna,Koyra Upazila Health Complex,10,0,10,0,12,29,10
311,Khulna,Paikgacha Upazila Health Complex,15,0,15,0,4,6,6
312,Khulna,Rupsha Upazila Health Complex,15,0,15,0,2,6,3
313,Khulna,"Shaheed Sheikh Abu Naser Specialized Hospital, Khulna",0,0,0,0,0,0,0
314,Khulna,Terakhada Upazila Health Complex,20,0,20,0,15,18,54
315,Kishoreganj,Austagram Upazila Health Complex,0,0,0,0,18,24,11
316,Kishoreganj,Bajitpur Upazila Health Complex,5,0,5,0,0,0,0
317,Kishoreganj,Bhairab Upazila Health Complex,20,0,20,0,1,2,8
318,Kishoreganj,Hossainpur Upazila Health Complex,19,0,19,0,1,9,3
319,Kishoreganj,Itna Upazila Health Complex,0,0,0,0,0,0,0
320,Kishoreganj,Karimganj Upazila Health Complex,5,0,5,0,6,8,20
321,Kishoreganj,Katiadi Upazila Health Complex,20,0,20,0,13,25,132
322,Kishoreganj,Kishoreganj 250 Bed District Sadar Hospital,20,0,20,0,3,6,6
323,Kishoreganj,Kuliarchar Upazila Health Complex,3,0,3,0,8,15,10
324,Kishoreganj,Mithamoin Upazila Health Complex,0,0,0,0,0,0,0
325,Kishoreganj,Nikli Upazila Health Complex,10,0,10,0,7,12,5
326,Kishoreganj,Pakundia Upazila Health Complex,10,0,10,0,21,,134
327,Kishoreganj,Shahid Syed Nazrul Islam Medical College Hospital,25,1,24,4,5,10,12
328,Kishoreganj,Tarail Upazila Health Complex,0,0,0,0,,,
329,Kishoregonj,"Jahurul Islam Medical College and Hospital, Bajitpur, Kishoreganj",39,0,39,0,12,31,12
330,Kurigram,Bhurungamari Upazila Health Complex,10,0,10,0,2,2,4
331,Kurigram,Chilmari Upazila Health Complex,5,0,5,0,9,26,6
332,Kurigram,Fulbari KG Upazila Health Complex,5,0,5,0,2,4,3
333,Kurigram,"Kurigram District Hospital, Kurigram",50,3,47,6,5,10,5
334,Kurigram,Nageswari Upazila Health Complex,6,0,6,0,5,15,4
335,Kurigram,Rajarhat Upazila Health Complex,2,0,2,0,6,8,4
336,Kurigram,Rajibpur Upazila Health Complex,6,0,6,0,2,19,46
337,Kurigram,Rowmari Upazila Health Complex,10,0,10,0,3,6,12
338,Kurigram,Ulipur Upazila Health Complex,10,0,10,0,2,2,2
339,Kushtia,Bheramara Upazila Health Complex,5,0,5,0,12,37,76
340,Kushtia,"Daulatpur KT Upazila Health Complex, Kushtia",30,0,30,0,3,29,3
341,Kushtia,Khoksha Upazila Health Complex,10,0,10,0,7,23,20
342,Kushtia,"Kumarkhali Upazila Health Complex, Kushtia",20,0,20,0,3,10,5
343,Kushtia,Kushtia 250 bed General Hospital,12,0,12,0,3,9,3
344,Kushtia,"Mirpur Upazila Health Complex, Kushtia",31,0,31,0,18,28,70
345,Laksmipur,Kamolnagar Upazila Health Complex,20,1,19,5,6,6,6
346,Laksmipur,Lakshmipur District Hospital,88,0,88,0,14,18,15
347,Laksmipur,Raipur Upazila Health Complex,20,0,20,0,21,21,10
348,Laksmipur,Ramganj Upazila Health Complex,10,0,10,0,2,2,2
349,Laksmipur,Ramgati Upazila Health Complex,0,0,0,0,3,3,3
350,Lalmonirhat,Aditmari Upazila Health Complex,7,0,7,0,0,0,0
351,Lalmonirhat,Hatibandha Upazila Health Complex,6,0,6,0,2,3,2
352,Lalmonirhat,Kaliganj LH Upazila Health Complex,10,0,10,0,1,2,2
353,Lalmonirhat,"Lalmonirhat District Hospital, Lalmonirhat",8,6,2,75,3,3,3
354,Lalmonirhat,Patgram Upazila Health Complex,6,0,6,0,3,6,2
355,Madaripur,Kalkini Upazila Health Complex,5,0,5,0,12,33,91
356,Madaripur,"Madaripur District Hospital, Madaripur",42,0,42,0,7,20,17
357,Madaripur,Rajoir Upazila Health Complex,0,0,0,0,0,0,0
358,Madaripur,Shibchar Upazila Health Complex,20,0,20,0,0,0,0
359,Magura,"Magura District Hospital, Magura",50,0,50,0,21,31,19
360,Magura,Mohammadpur Upazila Health Complex,17,0,17,0,6,18,25
361,Magura,Shalikha Upazila Health Complex,5,0,5,0,3,3,3
362,Magura,Sreepur MG Upazila Health Complex,5,0,5,0,3,3,3
363,Manikganj,Daulatpur Upazila Health Complex,0,0,0,0,1,4,5
364,Manikganj,Ghior Upazila Health Complex,20,0,20,0,9,14,30
365,Manikganj,Harirampur Upazila Health Complex,6,0,6,0,12,24,98
366,Manikganj,Manikganj 250 Bed District Hospital,100,0,100,0,6,96,9
367,Manikganj,Saturia Upazila Health Complex,20,0,20,0,6,11,6
368,Manikganj,Shibalaya Upazila Health Complex,10,4,6,40,10,25,10
369,Manikganj,Singair Upazila Health Complex,0,0,0,0,0,0,0
370,Maulavi Bazar,"Barlekha Upazila Health Complex,Moulvibazar",10,0,10,0,4,4,3
371,Maulavi Bazar,"Juri Upazila Health Complex,Moulvibazar",10,0,10,0,2,4,4
372,Maulavi Bazar,"Kamalganj Upazila Health Complex,Moulvibazar",20,0,20,0,17,34,90
373,Maulavi Bazar,"Kulaura Upazila Health Complex,Moulvibazar",20,9,11,45,6,6,6
374,Maulavi Bazar,"M.Bazar District Hospital, M.Bazar",65,0,65,0,5,17,3
375,Maulavi Bazar,"Rajnagar Upazila Health Complex,Moulvibazar",30,0,30,0,4,5,5
376,Maulavi Bazar,"Sreemangal Upazila Health Complex,Moulvibazar",20,5,15,25,6,4,4
377,Meherpur,"Gangni Upazila Health Complex, Meherpur",10,0,10,0,6,30,6
378,Meherpur,Meherpur 250 bed District Hospital,50,0,50,0,7,8,4
379,Meherpur,Mujibnagar Upazila Health Complex,10,0,10,0,0,0,0
380,Munshiganj,Gazaria Upazila Health Complex,20,0,20,0,1,1,1
381,Munshiganj,Louhajang Upazila Health Complex,20,20,0,100,29,34,17
382,Munshiganj,Munshiganj 250 bed District Hospital,250,0,250,0,0,0,0
383,Munshiganj,Serajdikhan Upazila Health Complex,20,0,20,0,22,30,23
384,Munshiganj,Sreenagar Upazila Health Complex,20,0,20,0,10,15,8
385,Munshiganj,Tungibari Upazila Health Complex,20,0,20,0,7,5,4
386,Mymensingh,Bhaluka Upazila Health Complex,20,0,20,0,42,29,2
387,Mymensingh,Dhubaura Upazila Health Complex,20,0,20,0,,,
388,Mymensingh,Fulbaria Upazila Health Complex,20,0,20,0,31,21,181
389,Mymensingh,Fulpur Upazila Health Complex,20,0,20,0,10,10,16
390,Mymensingh,Gofargaon Upazila Health Complex,20,0,20,0,24,26,16
391,Mymensingh,Gouripur Upazila Health Complex,20,0,20,0,17,29,131
392,Mymensingh,Haluaghat Upazila Health Complex,20,0,20,0,3,6,3
393,Mymensingh,Iswarganj Upazila Health Complex,20,0,20,0,20,30,15
394,Mymensingh,Muktagacha Upazila Health Complex,20,0,20,0,7,12,15
395,Mymensingh,"Mymensingh Medical College Hospital, Mymensingh",405,33,372,8,20,50,70
396,Mymensingh,Nandail Upazila Health Complex,20,0,20,0,8,16,40
397,Mymensingh,Trisal Upazila Health Complex,20,0,20,0,3,3,1
398,Naogaon,Atrai Upazila Health Complex,12,0,12,0,3,3,5
399,Naogaon,Badalgachi Upazila Health Complex,3,0,3,0,2,6,3
400,Naogaon,Dhamairhat Upazila Health Complex,10,0,10,0,6,6,3
401,Naogaon,Manda Upazila Health Complex,5,0,5,0,10,12,6
402,Naogaon,Mohadevpur Upazila Health Complex,12,0,12,0,12,12,20
403,Naogaon,"Naogaon District Hospital, Naogaon",5,0,5,0,7,6,7
404,Naogaon,Niamatpur Upazila Health Complex,0,0,0,0,0,0,0
405,Naogaon,Patnitala Upazila Health Complex,15,0,15,0,12,6,8
406,Naogaon,Porsha Upazila Health Complex,10,0,10,0,4,6,4
407,Naogaon,Raninagar Upazila Health Complex,10,0,10,0,0,0,0
408,Naogaon,Sapahar Upazila Health Complex,10,0,10,0,5,6,4
409,Narail,Kalia Upazila Health Complex,10,0,10,0,12,36,14
410,Narail,Lohagara Upazila Health Complex,10,0,10,0,22,32,15
411,Narail,"Narail District Hospital, Narail",100,1,99,1,8,40,8
412,Narayanganj,Araihazar Upazila Health Complex,20,3,17,15,4,6,10
413,Narayanganj,Bandar Upazila Health Complex,20,0,20,0,,,
414,Narayanganj,Narayanganj 300 bed Hospital,10,0,10,0,40,247,113
415,Narayanganj,Narayanganj General (Victoria) Hospital (100bed),2,0,2,0,0,0,0
416,Narayanganj,Rupganj Upazila Health Complex,20,3,17,15,,,
417,Narayanganj,Sonargaon Upazila Health Complex,0,0,0,0,,,
418,Narsingdi,Belabo Upazila Health Complex,5,0,5,0,7,25,7
419,Narsingdi,Monohardi Upazila Health Complex,0,0,0,0,0,0,0
420,Narsingdi,"Narsingdi (100 bed) Zila Hospital, Narshingdi",100,0,100,0,39,49,40
421,Narsingdi,"Narsingdi District Hospital, Narsingdi",100,0,100,0,0,0,0
422,Narsingdi,Palash Upazila Health Complex,20,0,20,0,14,33,55
423,Narsingdi,Raipura Upazila Health Complex,10,0,10,0,11,22,8
424,Narsingdi,Shibpur Upazila Health Complex,25,0,25,0,3,6,4
425,Natore,Bagatipara Upazila Health Complex,8,0,8,0,6,13,12
426,Natore,Baraigram Upazila Health Complex,10,0,10,0,10,25,40
427,Natore,Gurudashpur Upazila Health Complex,10,0,10,0,3,6,6
428,Natore,Lalpur Upazila Health Complex,20,0,20,0,14,37,15
429,Natore,"Natore District Hospital, Natore",5,0,5,0,4,6,6
430,Natore,Singra Upazila Health Complex,10,0,10,0,5,12,9
431,Netrokona,Atpara Upazila Health Complex,10,0,10,0,7,9,7
432,Netrokona,Barhatta Upazila Health Complex,0,0,0,0,0,0,0
433,Netrokona,Durgapur Upazila Health Complex,10,0,10,0,4,8,4
434,Netrokona,Kalmakanda Upazila Health Complex,10,0,10,0,8,10,8
435,Netrokona,Kendua Upazila Health Complex,10,0,10,0,,,
436,Netrokona,Khaliajuri Upazila Health Complex,5,0,5,0,3,5,5
437,Netrokona,Madan Upazila Health Complex,10,0,10,0,5,10,9
438,Netrokona,Mohanganj Upazila Health Complex,10,0,10,0,10,10,10
439,Netrokona,"Netrokona District Hospital, Netrokona",36,0,36,0,9,30,20
440,Netrokona,Purbadhala Upazila Health Complex,10,0,10,0,6,8,8
441,Nilphamari,"100 Bed Hospital, Saidpur, Nilphamari",40,0,40,0,17,23,10
442,Nilphamari,Dimla Upazila Health Complex,10,0,10,0,16,40,18
443,Nilphamari,Domar Upazila Health Complex,20,0,20,0,11,15,15
444,Nilphamari,Jaldhaka Upazila Health Complex,10,0,10,0,14,33,20
445,Nilphamari,Kishoreganj Upazila Health Complex,15,0,15,0,14,23,18
446,Nilphamari,"Nilphamari District Hospital, Nilphamari",100,0,100,0,3,6,4
447,Nilphamari,Saidpur Upazila Health Complex,0,0,0,0,0,0,0
448,Noakhali,Begumganj Upazila Health Complex,10,3,7,30,22,18,8
449,Noakhali,Chatkhil Upazila Health Complex,14,0,14,0,0,0,0
450,Noakhali,Companiganj Upazila Health Complex,20,0,20,0,6,6,6
451,Noakhali,Hatiya Upazila Health Complex,10,0,10,0,1,6,12
452,Noakhali,Kabirhat Upazila Health Complex,10,0,10,0,8,24,12
453,Noakhali,Noakhali 250 Bed General Hospital,120,18,102,15,15,18,18
454,Noakhali,Senbag Upazila Health Complex,10,0,10,0,4,4,2
455,Noakhali,Sonaimuri Upazila Health Complex,10,0,10,0,4,0,0
456,Noakhali,Subarnachar Upazila Health Complex,0,0,0,0,0,0,0
457,Pabna,Atghoria Upazila Health Complex,10,0,10,0,8,20,5
458,Pabna,Bera Upazila Health Complex,10,0,10,0,15,30,7
459,Pabna,Bhangura Upazila Health Complex,10,0,10,0,0,0,0
460,Pabna,Chatmohar Upazila Health Complex,20,0,20,0,16,31,10
461,Pabna,Faridpur Upazila Health Complex,10,0,10,0,5,15,10
462,Pabna,Iswardi Upazila Health Complex,0,0,0,0,,,
463,Pabna,"Pabna District Hospital, Pabna",10,0,10,0,0,0,0
464,Pabna,Santhia Upazila Health Complex,2,0,2,0,8,29,20
465,Pabna,Sujanagar Upazila Health Complex,20,5,15,25,8,12,10
466,Panchaghar,Atwari Upazila Health Complex,20,0,20,0,6,6,3
467,Panchaghar,Boda Upazila Health Complex,0,0,0,0,0,0,0
468,Panchaghar,Debiganj Upazila Health Complex,5,0,5,0,13,31,13
469,Panchaghar,"Panchagarh District Hospital, Panchagarh",20,2,18,10,4,10,1
470,Panchaghar,Tetulia Upazila Health Complex,20,0,20,0,8,35,8
471,Patuakhali,Bauphal Upazila Health Complex,20,1,19,5,15,23,28
472,Patuakhali,Dashmina Upazila Health Complex,20,0,20,0,2,4,2
473,Patuakhali,Dumki Upazila Health Complex,20,2,18,10,5,11,49
474,Patuakhali,Galachipa Upazila Health Complex,20,0,20,0,5,3,2
475,Patuakhali,Kalapara Upazila Health Complex,20,0,20,0,11,35,136
476,Patuakhali,Mirzaganj Upazila Health Complex,20,0,20,0,6,8,4
477,Patuakhali,"Patuakhali 250 bed Sadar Hospital, Patuakhali",85,1,84,1,24,15,20
478,Pirojpur,Bhandaria Upazila Health Complex,0,0,0,0,0,0,0
479,Pirojpur,Kawkhali Upazila Health Complex,5,0,5,0,6,6,6
480,Pirojpur,Mathbaria Upazila Health Complex,15,0,15,0,,,
481,Pirojpur,Nazirpur Upazila Health Complex,10,0,10,0,13,30,107
482,Pirojpur,Nesarabad Upazila Health Complex,10,0,10,0,10,25,30
483,Pirojpur,"Pirojpur District Hospital, Pirojpur",10,0,10,0,7,34,6
484,Rajbari,Baliakandi Upazila Health Complex,20,0,20,0,4,19,4
485,Rajbari,Goalanda Upazila Health Complex,22,0,22,0,4,12,22
486,Rajbari,Kalukhali Upazila Health Complex,20,0,20,0,7,16,30
487,Rajbari,Pangsha Upazila Health Complex,0,0,0,0,2,3,2
488,Rajbari,"Rajbari District Hospital, Rajbari",20,3,17,15,16,18,20
489,Rajshahi,Bagha Upazila Health Complex,10,0,10,0,9,24,15
490,Rajshahi,Bagmara Upazila Health Complex,0,0,0,0,0,,
491,Rajshahi,Charghat Upazila Health Complex,0,0,0,0,26,34,49
492,Rajshahi,Durgapur Upazila Health Complex,14,0,14,0,18,25,25
493,Rajshahi,"Godagari 31 beded Hospital, Rajshahi",4,0,4,0,1,2,3
494,Rajshahi,Godagari Upazila Health Complex,6,0,6,0,8,10,6
495,Rajshahi,Mohanpur Upazila Health Complex,15,0,15,0,11,20,15
496,Rajshahi,Paba Upazila Health Complex,10,0,10,0,3,4,5
497,Rajshahi,Puthia Upazila Health Complex,10,0,10,0,11,33,5
498,Rajshahi,"Rajshahi Medical College Hospital, Rajshahi",24,0,24,0,4,11,10
499,Rajshahi,Tanore Upazila Health Complex,10,0,10,0,3,6,10
500,Rangamati,Baghaichari Upazila Health Complex,5,0,5,0,2,3,4
501,Rangamati,Barkol Upazila Health Complex,2,0,2,0,2,3,8
502,Rangamati,Belaichari Upazila Health Complex,5,0,5,0,1,2,3
503,Rangamati,Juraichari Upazila Health Complex,5,0,5,0,6,8,4
504,Rangamati,Kaptai Upazila Health Complex,20,0,20,0,7,7,3
505,Rangamati,Kawkhali Upazila Health Complex,0,0,0,0,0,0,0
506,Rangamati,Langadu Upazila Health Complex,5,0,5,0,1,3,2
507,Rangamati,Naniarchar Upazila Health Complex,0,0,0,0,2,15,5
508,Rangamati,Rajasthali Upazila Health Complex,20,0,20,0,9,7,2
509,Rangamati,Rangamati General Hospital,50,0,50,0,16,32,12
510,Rangpur,Badarganj Upazila Health Complex,0,0,0,0,0,0,0
511,Rangpur,"Doctors Community Hospital Private Ltd, Rangpur",34,4,30,12,8,18,20
512,Rangpur,Gangachara Upazila Health Complex,10,0,10,0,2,6,7
513,Rangpur,"Haragacha 31 bed Hospital, Rangpur",2,1,1,50,12,25,21
514,Rangpur,Kownia Upazila Health Complex,3,0,3,0,,,
515,Rangpur,Mithapukur Upazila Health Complex,0,0,0,0,,,
516,Rangpur,Pirgacha Upazila Health Complex,7,0,7,0,3,8,9
517,Rangpur,Pirganj RP Upazila Health Complex,0,0,0,0,0,0,0
518,Rangpur,Prime Medical College & Hospital,23,0,23,0,10,20,15
519,Rangpur,"Rangpur Medical College Hospital, Rangpur",100,2,98,2,38,83,20
520,Rangpur,Taraganj Upazila Health Complex,10,10,0,100,2,2,2
521,Satkhira,"Assasuni Upazila Health Complex, Satkhira",10,0,10,0,10,23,115
522,Satkhira,Debhata Upazila Health Complex,10,0,10,0,2,2,2
523,Satkhira,"Kalaroa Upazila Health Complex, Satkhira",10,0,10,0,0,0,0
524,Satkhira,"Kaliganj SK Upazila Health Complex, Satkhira",10,0,10,0,3,12,10
525,Satkhira,Satkhira 250 bed Medical College Hospital,77,15,62,19,53,245,76
526,Satkhira,"Satkhira District Hospital, Satkhira",10,0,10,0,3,12,3
527,Satkhira,"Shyamnagar Upazila Health Complex, Satkhira",0,0,0,0,0,0,0
528,Satkhira,"Tala Upazila Health Complex, Satkhira",10,0,10,0,4,6,6
529,Shariatpur,Bhedarganj Upazila Health Complex,5,0,5,0,5,10,5
530,Shariatpur,Damudya Upazila Health Complex,5,2,3,40,6,2,20
531,Shariatpur,Goshairhat Upazila Health Complex,5,0,5,0,7,26,20
532,Shariatpur,Naria Upazila Health Complex,18,0,18,0,14,14,6
533,Shariatpur,"Shariatpur District Hospital, Shariatpur",20,0,20,0,7,12,6
534,Shariatpur,Zanjira Upazila Health Complex,10,0,10,0,12,17,70
535,Sherpur,Jhenaigati Upazila Health Complex,20,0,20,0,5,7,6
536,Sherpur,Nakla Upazila Health Complex,10,0,10,0,4,5,5
537,Sherpur,Nalitabari Upazila Health Complex,10,0,10,0,3,10,8
538,Sherpur,"Sherpur District Hospital, Sherpur",100,0,100,0,11,10,25
539,Sherpur,Sribordi Upazila health Complex,20,0,20,0,7,7,11
540,Sirajganj,Belkuchi Upazila Health Complex,10,0,10,0,5,5,4
541,Sirajganj,Chowhali Upazila Health Complex,0,0,0,0,0,0,0
542,Sirajganj,Kamarkhanda Upazila Health Complex,10,0,10,0,2,4,2
543,Sirajganj,Kazipur Upazila Health Complex,20,0,20,0,5,10,10
544,Sirajganj,Raiganj Upazila Health Complex,10,0,10,0,9,12,5
545,Sirajganj,Shahzadpur Upazila Health Complex,5,0,5,0,19,25,5
546,Sirajganj,Sirajganj 250 Bed Bongamata Sheikh Fazilatunnesa Mujib General Hospital,0,0,0,0,0,0,0
547,Sirajganj,Tarash Upazila Health Complex,10,0,10,0,5,8,10
548,Sirajganj,Ullapara Upazila Health Complex,0,0,0,0,0,0,0
549,Sunamganj,"Biswambarpur Upazila Health Complex,Sunamganj",10,0,10,0,13,13,12
550,Sunamganj,"Chhatak Upazila Health Complex,Sunamganj",10,0,10,0,2,4,2
551,Sunamganj,"Derai Upazila Health Complex, Sunamganj",20,0,20,0,5,12,6
552,Sunamganj,"Dharmapasha Upazila Health Complex,Sunamganj",10,10,0,100,2,4,4
553,Sunamganj,"Dowarabazar Upazila Health Complex,Sunamganj",10,0,10,0,9,21,11
554,Sunamganj,"Jagannathpur Upazila Health Complex, Sunamganj",6,0,6,0,17,34,12
555,Sunamganj,"Jamalganj Upazila Health Complex,Sunamganj",5,0,5,0,5,24,12
556,Sunamganj,"Sulla Upazila Health Complex,Sunamganj",0,0,0,0,,,
557,Sunamganj,Sunamganj 250 bed District Sadar Hospital,100,0,100,0,12,32,9
558,Sunamganj,"Tahirpur Upazila Health Complex,Sunamganj",20,0,20,0,3,3,12
559,Sylhet,"Al Haramain Hospital Private Limited, Sylhet",16,16,0,100,10,16,20
560,Sylhet,"Balaganj Upazila Health Complex,Sylhet",5,0,5,0,10,20,98
561,Sylhet,"Beani Bazar Upazila Health Complex,Sylhet",10,0,10,0,7,12,6
562,Sylhet,"Biswanath Upazila Health Complex,Sylhet",20,0,20,0,8,17,10
563,Sylhet,"Companiganj SH Upazila Health Complex,Sylhet",20,0,20,0,0,0,0
564,Sylhet,"Dakhin Surma Upazila Health Complex,Sylhet",31,4,27,13,19,30,15
565,Sylhet,"Fenchuganj Upazila Health Complex,Sylhet",5,0,5,0,11,23,29
566,Sylhet,Golapganj Upazila Health Complex,20,0,20,0,18,30,36
567,Sylhet,"Gowainghat Upazila Health Complex,Sylhet",0,0,0,0,0,0,0
568,Sylhet,"Jaintiapur Upazila Health Complex,Sylhet",0,0,0,0,0,0,0
569,Sylhet,Jalalabad Ragib Rabeya Medical College Hospital,100,0,100,0,40,50,50
570,Sylhet,"Kanaighat Upazila Health Complex,Sylhet",0,0,0,0,7,10,10
571,Sylhet,"Khadimpara 31 bed Hospital, Sylhet Sadar",31,6,25,19,8,14,17
572,Sylhet,"MAG Osmani Medical College Hospital, Sylhet",330,0,330,0,100,200,200
573,Sylhet,"Mount Adora Hospital, Sylhet",16,1,15,6,5,10,12
574,Sylhet,"North East Medical College Hospital, Sylhet",107,33,74,31,20,40,40
575,Sylhet,Oasis Hospital Sylhet,2,2,0,100,4,6,4
576,Sylhet,Parkview Hospital Ltd,19,1,18,5,8,18,22
577,Sylhet,Sylhet Community Based Hospital,53,0,53,0,18,40,66
578,Sylhet,Sylhet Shahid Shamsuddin Ahmed District Hospital,36,19,17,53,29,85,46
579,Sylhet,Sylhet Womens Medical College and Hospital,100,8,92,8,10,20,20
580,Sylhet,"Zakiganj Upazila Health Complex,Sylhet",3,0,3,0,8,3,2
581,Tangail,Basail Upazila Health Complex,0,0,0,0,0,0,10
582,Tangail,Bhuapur Upazila Health Complex,5,0,5,0,3,3,2
583,Tangail,Delduar Upazila Health Complex,0,0,0,0,4,4,18
584,Tangail,Dhanbari Upazila Health Complex,10,0,10,0,21,30,29
585,Tangail,Ghatail Upazila Health Complex,0,0,0,0,0,0,0
586,Tangail,Gopalpur Upazila Health Complex,2,0,2,0,4,6,6
587,Tangail,Kalihati Upazila Health Complex,0,0,0,0,,,
588,Tangail,Kumudini Hospital,63,5,58,8,10,22,12
589,Tangail,Mirzapur Upazila Health Complex,5,0,5,0,4,4,4
590,Tangail,Modhupur Upazila Health Complex,0,0,0,0,0,0,0
591,Tangail,Nagarpur Upazila Health Complex,8,0,8,0,3,3,3
592,Tangail,Sakhipur Upazila Health Complex,10,0,10,0,0,0,0
593,Tangail,"Tangail District Hospital, Tangail",129,0,129,0,6,10,6
594,Thakurgaon,Baliadangi Upazila Health Complex,25,0,25,0,4,2,2
595,Thakurgaon,Haripur Upazila Health Complex,25,0,25,0,8,12,12
596,Thakurgaon,Pirganj TG Upazila Health Complex,0,0,0,0,16,26,16
597,Thakurgaon,Ranisankhail Upazila Health Complex,25,0,25,0,6,7,3
598,Thakurgaon,"Thakurgaon District Hospital, Thakurgaon",200,0,200,0,42,98,42
599,,Total,18014,860,17154,5,7511,13960,14525
,,,,,,,,,
