#,Division Name,District Name,General bed,,,ICU bed,,ICU equivalent bed with high flow nasal canula,,HDU bed,,Total Beds,Occupied Beds,Vacant Beds,Bed Occupency Rate (%)
,,,Covid dedicated general bed,Occupied Covid dedicated general bed,Admitted Covid patient in extra bed,Covid dedicated ICU bed,Occupied Covid dedicated ICU bed,ICU equivalent bed with high flow nasal canula,Occupied ICU bed equivalent with high flow nasal canula,Covid dedicated HDU bed,Occupied Covid dedicated HDU bed,,,,
1,Barishal,Barguna,78,16,0,0,0,0,0,0,0,78,16,62,21
2,Barishal,Barishal,437,0,0,30,0,0,0,0,0,467,0,467,0
3,Barishal,Bhola,220,0,0,6,0,6,0,0,0,232,0,232,0
4,Barishal,Jhalokathi,80,0,0,0,0,0,0,0,0,80,0,80,0
5,Barishal,Patuakhali,200,2,0,5,1,0,0,0,1,205,4,201,2
6,Barishal,Pirojpur,50,0,0,0,0,0,0,0,0,50,0,50,0
7,Chattogram,Bandarban,145,0,0,0,0,0,0,0,0,145,0,145,0
8,Chattogram,Brahmanbaria,211,2,0,0,0,0,0,0,0,211,2,209,1
9,Chattogram,Chandpur,164,26,0,0,0,0,0,0,0,164,26,138,16
10,Chattogram,Chattogram,1129,54,3,93,7,56,9,79,12,1357,85,1272,6
11,Chattogram,Comilla,460,20,0,34,12,22,5,5,0,521,37,484,7
12,Chattogram,Coxs Bazar,246,0,0,10,0,0,0,10,0,266,0,266,0
13,Chattogram,Feni,187,0,0,10,0,4,0,10,0,211,0,211,0
14,Chattogram,Khagrachhari,87,0,0,0,0,0,0,0,0,87,0,87,0
15,Chattogram,Laksmipur,130,1,0,3,0,5,0,0,0,138,1,137,1
16,Chattogram,Noakhali,204,21,0,0,0,0,0,0,0,204,21,183,10
17,Chattogram,Rangamati,112,0,0,0,0,0,0,0,0,112,0,112,0
18,Dhaka,Dhaka,4062,337,1,651,46,154,5,496,8,5363,397,4966,7
19,Dhaka,Faridpur,98,1,0,10,4,10,0,6,0,124,5,119,4
20,Dhaka,Gazipur,196,0,0,20,0,6,0,11,0,233,0,233,0
21,Dhaka,Gopalganj,164,0,0,0,0,0,0,0,0,164,0,164,0
22,Dhaka,Kishoreganj,127,1,0,10,0,0,0,0,0,137,1,136,1
23,Dhaka,Kishoregonj,29,0,0,3,0,3,0,4,0,39,0,39,0
24,Dhaka,Madaripur,67,0,0,0,0,0,0,0,0,67,0,67,0
25,Dhaka,Manikganj,152,4,0,2,0,0,0,2,0,156,4,152,3
26,Dhaka,Munshiganj,350,20,0,0,0,0,0,0,0,350,20,330,6
27,Dhaka,Narayanganj,62,6,0,10,0,0,0,0,0,72,6,66,8
28,Dhaka,Narsingdi,260,0,0,0,0,0,0,0,0,260,0,260,0
29,Dhaka,Rajbari,82,3,0,0,0,0,0,0,0,82,3,79,4
30,Dhaka,Shariatpur,63,2,0,0,0,0,0,0,0,63,2,61,3
31,Dhaka,Tangail,198,5,0,18,0,16,0,0,0,232,5,227,2
32,Khulna,Bagerhat,183,7,0,10,0,0,0,0,0,193,7,186,4
33,Khulna,Chuadanga,202,0,0,6,0,4,0,8,0,220,0,220,0
34,Khulna,Jashor,187,1,1,10,0,5,0,3,0,205,2,203,1
35,Khulna,Jhenaidah,42,1,0,0,0,0,0,0,0,42,1,41,2
36,Khulna,Khulna,505,7,0,39,0,9,0,31,2,584,9,575,2
37,Khulna,Kushtia,98,0,0,4,0,0,0,6,0,108,0,108,0
38,Khulna,Magura,77,0,0,0,0,0,0,0,0,77,0,77,0
39,Khulna,Meherpur,60,0,0,5,0,0,0,5,0,70,0,70,0
40,Khulna,Narail,120,1,0,0,0,0,0,0,0,120,1,119,1
41,Khulna,Satkhira,129,7,0,8,8,0,0,0,0,137,15,122,11
42,Mymensingh,Jamalpur,123,0,0,2,0,0,0,7,0,132,0,132,0
43,Mymensingh,Mymensingh,600,31,0,25,2,0,0,0,0,625,33,592,5
44,Mymensingh,Netrokona,111,0,0,0,0,0,0,0,0,111,0,111,0
45,Mymensingh,Sherpur,160,0,0,0,0,0,0,0,0,160,0,160,0
46,Rajshahi,Bogura,189,2,0,48,0,20,0,20,0,277,2,275,1
47,Rajshahi,Chapai Nawabganj,48,0,0,0,0,0,0,0,0,48,0,48,0
48,Rajshahi,Joypurhat,35,0,0,0,0,0,0,0,0,35,0,35,0
49,Rajshahi,Naogaon,92,0,0,0,0,0,0,0,0,92,0,92,0
50,Rajshahi,Natore,63,0,0,0,0,0,0,0,0,63,0,63,0
51,Rajshahi,Pabna,92,5,0,0,0,0,0,0,0,92,5,87,5
52,Rajshahi,Rajshahi,103,0,0,0,0,0,0,0,0,103,0,103,0
53,Rajshahi,Sirajganj,65,0,0,0,0,0,0,0,0,65,0,65,0
54,Rangpur,Dinajpur,130,8,0,16,0,0,0,11,0,157,8,149,5
55,Rangpur,Gaibandha,109,0,0,0,0,0,0,0,0,109,0,109,0
56,Rangpur,Kurigram,104,3,0,0,0,0,0,0,0,104,3,101,3
57,Rangpur,Lalmonirhat,37,6,0,0,0,0,0,0,0,37,6,31,16
58,Rangpur,Nilphamari,195,0,0,0,0,0,0,0,0,195,0,195,0
59,Rangpur,Panchaghar,65,2,0,0,0,0,0,0,0,65,2,63,3
60,Rangpur,Rangpur,161,16,0,20,0,0,0,8,1,189,17,172,9
61,Rangpur,Thakurgaon,275,0,0,0,0,0,0,0,0,275,0,275,0
62,Sylhet,Habiganj,164,0,0,0,0,0,0,0,0,164,0,164,0
63,Sylhet,Maulavi Bazar,170,9,0,0,5,0,0,5,0,175,14,161,8
64,Sylhet,Sunamganj,191,10,0,0,0,0,0,0,0,191,10,181,5
65,Sylhet,Sylhet,790,75,0,93,13,21,0,20,2,924,90,834,10
66,,Total,15725,712,5,1201,98,341,19,747,26,18014,860,17154,5
,,,,,,,,,,,,,,,
