#,Division Name,General bed,,,ICU bed,,ICU equivalent bed with high flow nasal canula,,HDU bed,,Total Beds,Occupied Beds,Vacant Beds,Bed Occupency Rate (%)
,,Covid dedicated general bed,Occupied Covid dedicated general bed,Admitted Covid patient in extra bed,Covid dedicated ICU bed,Occupied Covid dedicated ICU bed,ICU equivalent bed with high flow nasal canula,Occupied ICU bed equivalent with high flow nasal canula,Covid dedicated HDU bed,Occupied Covid dedicated HDU bed,,,,
1,Barishal Division,1065,18,0,41,1,6,0,0,1,1112,20,1092,2
2,Chattogram Division,3075,124,3,150,19,87,14,104,12,3416,172,3244,5
3,Dhaka Division,5910,379,1,724,50,189,5,519,8,7342,443,6899,6
4,Khulna Division,1603,24,1,82,8,18,0,53,2,1756,35,1721,2
5,Mymensingh Division,994,31,0,27,2,0,0,7,0,1028,33,995,3
6,Rajshahi Division,687,7,0,48,0,20,0,20,0,775,7,768,1
7,Rangpur Division,1076,35,0,36,0,0,0,19,1,1131,36,1095,3
8,Sylhet Division,1315,94,0,93,18,21,0,25,2,1454,114,1340,8
9,Total,15725,712,5,1201,98,341,19,747,26,18014,860,17154,5
