#,Facility Type Name,General bed,,,ICU bed,,ICU equivalent bed with high flow nasal canula,,HDU bed,,Total Beds,Occupied Beds,Vacant Beds,Bed Occupency Rate (%)
,,Covid dedicated general bed,Occupied Covid dedicated general bed,Admitted Covid patient in extra bed,Covid dedicated ICU bed,Occupied Covid dedicated ICU bed,ICU equivalent bed with high flow nasal canula,Occupied ICU bed equivalent with high flow nasal canula,Covid dedicated HDU bed,Occupied Covid dedicated HDU bed,,,,
1,200-250 bed Hospital (not district hospital),1120,45,0,66,2,22,0,34,0,1242,47,1195,4
2,31-bed Hospital,107,7,0,0,0,0,0,0,0,107,7,100,7
3,50-bed Hospital,20,0,0,0,0,0,0,0,0,20,0,20,0
4,Chest Hospital,154,10,0,0,0,0,0,0,0,154,10,144,6
5,District Hospital,2165,44,0,59,7,15,0,33,0,2272,51,2221,2
6,General Hospital (not district hospital),595,22,0,30,3,0,0,25,0,650,25,625,4
7,Infectious Disease Hospital,50,2,0,0,0,0,0,0,0,50,2,48,4
8,Medical College Hospital,2519,70,0,250,38,98,10,122,1,2989,119,2870,4
9,Medical University,0,0,0,0,0,0,0,0,0,0,0,0,0
10,Other Hospital,574,245,0,31,15,0,0,15,1,620,261,359,42
11,Private Hospital / Clinic,2354,115,1,501,21,155,9,211,16,3221,162,3059,5
12,Special Purpose Hospital,2,0,0,0,0,33,0,0,0,35,0,35,0
13,Specialized Hospital,740,0,0,237,0,8,0,295,7,1280,7,1273,1
14,Specialty Postgraduate Institute & Hospital,371,36,0,23,7,8,0,0,0,402,43,359,11
15,Trauma Center,10,1,0,0,0,0,0,2,0,12,1,11,8
16,Upazila Health Complex,4944,115,4,4,5,2,0,10,1,4960,125,4835,3
17,Total,15725,712,5,1201,98,341,19,747,26,18014,860,17154,5
,,,,,,,,,,,,,,
