#,Division,District,Facility name,General bed,,,ICU bed,,ICU equivalent bed with high flow nasal canula,,HDU bed,,Total Beds,Occupied Beds,ICU Bed Occupency Rate (%),Bed Occupency Rate (%),Last update
,,,,Covid dedicated general bed,Occupied Covid dedicated general bed,Admitted Covid patient in extra bed,Covid dedicated ICU bed,Occupied Covid dedicated ICU bed,ICU equivalent bed with high flow nasal canula,Occupied ICU equivalent bed with high flow nasal canula,Covid dedicated HDU bed,Occupied Covid dedicated HDU bed,,,,,
1,Khulna Division,Bagerhat,"Bagerhat District Hospital, Bagerhat",70,0,0,10,0,0,0,0,0,80,0,0,0,"07, Dec 10:04 AM"
2,Khulna Division,Bagerhat,Chitalmari Upazila Health Complex,10,0,0,0,0,0,0,0,0,10,0,0,0,"09, Jan 10:25 AM"
3,Khulna Division,Bagerhat,Fakirhat Upazila Health Complex,20,0,0,0,0,0,0,0,0,20,0,0,0,"01, Mar 01:52 PM"
4,Khulna Division,Bagerhat,Kachua BH Upazila Health Complex,10,0,0,0,0,0,0,0,0,10,0,0,0,"03, Jul 11:45 AM"
5,Khulna Division,Bagerhat,Mollahat Upazila Health Complex,23,1,0,0,0,0,0,0,0,23,1,0,4,"07, Sep 11:06 AM"
6,Khulna Division,Bagerhat,Mongla Upazila Health Complex,20,6,0,0,0,0,0,0,0,20,6,0,30,"03, Feb 01:32 PM"
7,Khulna Division,Bagerhat,Morrelganj Upazila Health Complex,0,0,0,0,0,0,0,0,0,0,0,0,0,"30, Mar 12:26 PM"
8,Khulna Division,Bagerhat,Rampal Upazila Health Complex,20,0,0,0,0,0,0,0,0,20,0,0,0,"05, Oct 10:04 AM"
9,Khulna Division,Bagerhat,Sarankhola Upazila Health Complex,10,0,0,0,0,0,0,0,0,10,0,0,0,"31, Oct 08:03 AM"
10,Chattogram Division,Bandarban,Alikadam Upazila Health Complex,5,0,0,0,0,,,,,5,0,0,0,"24, Aug 05:55 AM"
11,Chattogram Division,Bandarban,"Bandarban District Hospital, Bandarban",100,0,0,0,0,0,0,0,0,100,0,0,0,"27, Feb 10:43 AM"
12,Chattogram Division,Bandarban,Lama Upazila Health Complex,5,0,0,0,0,0,0,0,0,5,0,0,0,"10, Jan 01:50 PM"
13,Chattogram Division,Bandarban,Naikhongchari Upazila Health Complex,20,0,0,0,0,0,0,0,0,20,0,0,0,"01, May 10:45 AM"
14,Chattogram Division,Bandarban,Rowangchari Upazila Health Complex,5,0,0,0,0,0,0,0,0,5,0,0,0,"05, Dec 08:41 AM"
15,Chattogram Division,Bandarban,Ruma Upazila Health Complex,5,0,0,0,0,0,0,0,0,5,0,0,0,"03, Apr 12:00 PM"
16,Chattogram Division,Bandarban,Thanchi Upazila Health Complex,5,0,0,0,0,0,0,0,0,5,0,0,0,"18, Jul 11:21 AM"
17,Barishal Division,Barguna,Amtali Upazila Health Complex,0,0,,0,0,,,,,0,0,0,0,"06, Mar 09:24 AM"
18,Barishal Division,Barguna,Bamna Upazila Health Complex,10,0,0,0,0,0,0,0,0,10,0,0,0,"07, Dec 07:58 AM"
19,Barishal Division,Barguna,"Barguna District Hospital, Barguna",50,16,0,0,0,0,0,0,0,50,16,0,32,"24, Feb 10:13 AM"
20,Barishal Division,Barguna,Betagi Upazila Health Complex,2,0,0,0,0,0,0,0,0,2,0,0,0,"01, Apr 12:08 PM"
21,Barishal Division,Barguna,Patharghata Upazila Health Complex,16,0,0,0,0,0,0,0,0,16,0,0,0,"27, Feb 10:17 AM"
22,Barishal Division,Barishal,"Agailjhara Upazila Health Complex, Barisal",20,0,0,0,0,0,0,0,0,20,0,0,0,"19, Oct 02:35 PM"
23,Barishal Division,Barishal,"Babuganj Upazila Health Complex, Barisal",20,,0,,,,,,,20,0,0,0,"25, Nov 07:03 AM"
24,Barishal Division,Barishal,"Bakerganj Upazila Health Complex, Barisal",20,0,0,0,0,0,0,0,0,20,0,0,0,"16, Aug 10:16 AM"
25,Barishal Division,Barishal,Banaripara Upazila Health Complex,20,0,0,0,0,0,0,0,0,20,0,0,0,"22, Jun 12:20 AM"
26,Barishal Division,Barishal,"Barisal District Hospital, Barisal",22,0,0,0,0,0,0,0,0,22,0,0,0,"17, Jul 11:07 AM"
27,Barishal Division,Barishal,Gournadi Upazila Health Complex,20,0,0,0,0,0,0,0,0,20,0,0,0,"22, Feb 03:57 PM"
28,Barishal Division,Barishal,Hijla Upazila Health Complex,5,0,0,0,0,0,0,0,0,5,0,0,0,"21, Mar 01:34 PM"
29,Barishal Division,Barishal,Mehendiganj Upazila Health Complex,20,0,0,0,0,0,0,0,0,20,0,0,0,"01, Jan 10:18 PM"
30,Barishal Division,Barishal,Muladi Upazila Health Complex,0,0,,0,0,,,,,0,0,0,0,"06, Jul 08:42 AM"
31,Barishal Division,Barishal,"Sher-e-Bangla Medical College Hospital, Barisal",270,0,0,30,0,0,0,0,0,300,0,0,0,"02, Apr 10:54 AM"
32,Barishal Division,Barishal,Wazirpur Upazila Health Complex,20,0,0,0,0,0,0,0,0,20,0,0,0,"22, Nov 01:20 PM"
33,Barishal Division,Bhola,"Bhola District Hospital, Bhola",100,0,0,6,0,6,0,0,0,112,0,0,0,"31, May 08:34 AM"
34,Barishal Division,Bhola,Borhanuddin Upazila Health Complex,20,0,0,0,0,0,0,0,0,20,0,0,0,"05, Jun 06:07 PM"
35,Barishal Division,Bhola,Charfession Upazila Health Complex,20,0,0,0,0,0,0,0,0,20,0,0,0,"09, Feb 07:01 AM"
36,Barishal Division,Bhola,Daulatkhan Upazila Health Complex,20,0,0,0,0,0,0,0,0,20,0,0,0,"19, Feb 01:32 PM"
37,Barishal Division,Bhola,Lalmohan Upazila Health Complex,20,0,0,0,0,0,0,0,,20,0,0,0,"19, Feb 09:29 AM"
38,Barishal Division,Bhola,Manpura Upazila Health Complex,20,0,0,0,0,0,0,0,0,20,0,0,0,"07, Mar 10:20 AM"
39,Barishal Division,Bhola,Tajumuddin Upazila Health Complex,20,0,0,0,0,0,0,0,0,20,0,0,0,"09, May 10:27 AM"
40,Rajshahi Division,Bogura,Adamdighi Upazila Health Complex,20,0,0,0,0,0,0,0,0,20,0,0,0,"31, Aug 02:30 PM"
41,Rajshahi Division,Bogura,Dhunat Upazila Health Complex,10,0,0,0,0,0,0,0,0,10,0,0,0,"07, Dec 09:15 AM"
42,Rajshahi Division,Bogura,Dhupchachia Upazila Health Complex,5,0,0,0,0,0,0,0,0,5,0,0,0,"05, Dec 01:46 PM"
43,Rajshahi Division,Bogura,Gabtali Upazila Health Complex,20,0,0,0,0,0,0,0,0,20,0,0,0,"07, Dec 10:15 AM"
44,Rajshahi Division,Bogura,Kahaloo Upazila Health Complex,5,0,0,0,0,0,0,0,0,5,0,0,0,"06, Dec 08:38 PM"
45,Rajshahi Division,Bogura,"Mohammad Ali District Hospital , Bogra",12,0,0,8,0,0,0,10,0,30,0,0,0,"18, Apr 12:45 PM"
46,Rajshahi Division,Bogura,Nandigram Upazila Health Complex,5,0,0,0,0,0,0,0,0,5,0,0,0,"07, Dec 09:26 AM"
47,Rajshahi Division,Bogura,Sariakandi Upazila Health Complex,0,0,,0,0,,,,,0,0,0,0,"01, May 08:38 PM"
48,Rajshahi Division,Bogura,"Shaheed Ziaur Rahman Medical College Hospital, Bogra",50,0,0,20,0,20,0,0,0,90,0,0,0,"06, Dec 09:21 AM"
49,Rajshahi Division,Bogura,Shajahanpur Upazila Health Complex,5,0,0,0,0,0,0,0,0,5,0,0,0,"07, Dec 10:28 AM"
50,Rajshahi Division,Bogura,Sherpur Upazila Health Complex,5,0,0,0,0,0,0,0,0,5,0,0,0,"06, Dec 09:30 AM"
51,Rajshahi Division,Bogura,Shibganj Bogra Upazila Health Complex,5,0,0,0,0,0,0,0,0,5,0,0,0,"07, Dec 09:50 AM"
52,Rajshahi Division,Bogura,Sonatala Upazila Health Complex,5,0,0,0,0,0,0,0,0,5,0,0,0,"07, Dec 11:00 AM"
53,Rajshahi Division,Bogura,TMSS Medical College & Rafatullah Community Hospital,21,1,0,10,0,0,0,5,0,36,1,0,3,"21, Jul 11:06 AM"
54,Rajshahi Division,Bogura,TMSS Medical College & Rafatullah Community Hospital,21,1,0,10,0,0,0,5,0,36,1,0,3,"21, Jul 11:06 AM"
55,Chattogram Division,Brahmanbaria,Akhaura Upazila Health Complex,20,0,0,0,0,0,0,0,0,20,0,0,0,"19, Apr 01:52 PM"
56,Chattogram Division,Brahmanbaria,Ashugonj Upazila Health Complex,20,0,0,0,0,0,0,0,0,20,0,0,0,"25, Jan 10:23 AM"
57,Chattogram Division,Brahmanbaria,Bancharampur Upazila Health Complex,20,2,0,0,0,0,0,0,0,20,2,0,10,"26, Feb 08:22 PM"
58,Chattogram Division,Brahmanbaria,Bijoynagar Upazila Health Complex,20,0,0,0,0,0,0,0,0,20,0,0,0,"07, Feb 12:28 AM"
59,Chattogram Division,Brahmanbaria,Brahmanbaria 250 Bed District Sadar Hospital,50,0,0,0,0,0,0,0,0,50,0,0,0,"07, Nov 10:07 AM"
60,Chattogram Division,Brahmanbaria,Kashba Upazila Health Complex,20,0,0,0,0,0,0,0,0,20,0,0,0,"16, Apr 09:33 AM"
61,Chattogram Division,Brahmanbaria,Nabinagar Upazila Health Complex,20,0,0,0,0,0,0,0,0,20,0,0,0,"19, Feb 01:34 PM"
62,Chattogram Division,Brahmanbaria,Nasirnagar Upazila Health Complex,20,0,0,0,0,0,0,0,0,20,0,0,0,"16, Mar 10:52 AM"
63,Chattogram Division,Brahmanbaria,Sarail Upazila Health Complex,21,0,0,0,0,0,0,0,0,21,0,0,0,"08, Feb 08:20 PM"
64,Chattogram Division,Chandpur,Chandpur 250 Bed General Hospital,30,26,0,0,0,0,0,0,0,30,26,0,87,"15, Feb 11:48 AM"
65,Chattogram Division,Chandpur,Faridganj Upazila Health Complex,20,0,0,0,0,0,0,0,0,20,0,0,0,"07, Dec 09:22 AM"
66,Chattogram Division,Chandpur,Haimchar Upazila Health Complex,20,0,0,0,,0,0,0,0,20,0,0,0,"30, Apr 09:43 AM"
67,Chattogram Division,Chandpur,Haziganj Upazila Health Complex,10,0,0,0,0,0,0,0,0,10,0,0,0,"14, Mar 03:02 PM"
68,Chattogram Division,Chandpur,Kachua Upazila Health Complex,20,0,0,0,0,0,0,0,0,20,0,0,0,"02, Jun 11:23 AM"
69,Chattogram Division,Chandpur,Matlab(daxin) Upazila Health Complex,20,0,0,0,0,0,0,0,0,20,0,0,0,"27, Feb 11:13 AM"
70,Chattogram Division,Chandpur,Matlab(uttar) Upazila Health Complex,20,0,0,0,0,0,0,0,0,20,0,0,0,"28, Feb 02:49 PM"
71,Chattogram Division,Chandpur,Saharasthi Upazila Health Complex,24,0,0,0,0,0,0,0,0,24,0,0,0,"19, Feb 08:28 PM"
72,Rajshahi Division,Chapai Nawabganj,Bholahat Upazila Health Complex,10,0,0,0,0,0,0,0,0,10,0,0,0,"12, Jul 11:04 AM"
73,Rajshahi Division,Chapai Nawabganj,Chapai Nababganj 250 bed Adhunik Sadar Hospital,10,0,0,0,0,0,0,0,0,10,0,0,0,"07, Dec 10:11 AM"
74,Rajshahi Division,Chapai Nawabganj,Gomastapur Upazila Health Complex,20,0,0,0,0,0,0,0,0,20,0,0,0,"07, Dec 12:20 PM"
75,Rajshahi Division,Chapai Nawabganj,Nachol Upazila Health Complex,0,0,0,0,0,0,0,0,0,0,0,0,0,"16, Aug 11:15 PM"
76,Rajshahi Division,Chapai Nawabganj,Shibganj NG Upazila Health Complex,8,0,0,0,0,0,0,0,0,8,0,0,0,"28, Feb 06:49 AM"
77,Chattogram Division,Chattogram,Anwara Upazila Health Complex,20,0,0,0,0,0,0,0,0,20,0,0,0,"28, Feb 11:36 AM"
78,Chattogram Division,Chattogram,Asian Hospital (Pvt.) Limited,4,3,0,26,0,3,3,10,0,43,6,0,14,"26, Jan 04:53 PM"
79,Chattogram Division,Chattogram,"Bangabandhu Memorial Hospital,Chattogram",30,5,0,5,0,6,6,22,7,63,18,0,29,"16, Aug 08:33 AM"
80,Chattogram Division,Chattogram,"Bangladesh Institute of Tropical and Infectious Diseases, Fouzdarhat",45,0,0,5,0,0,0,0,0,50,0,0,0,"05, Dec 11:08 AM"
81,Chattogram Division,Chattogram,Banshkhali Upazila Health Complex,20,0,0,0,0,0,0,0,0,20,0,0,0,"16, Apr 10:56 PM"
82,Chattogram Division,Chattogram,Boalkhali Upazila Health Complex,23,0,0,0,0,0,0,0,0,23,0,0,0,"15, Feb 10:21 AM"
83,Chattogram Division,Chattogram,Chandanaish Upazila Health Complex,20,0,,0,0,,,,,20,0,0,0,"11, Feb 10:59 AM"
84,Chattogram Division,Chattogram,"Chattogram General Hospital, Chattogram",158,1,0,18,1,0,0,6,0,182,2,6,1,"12, Oct 09:51 AM"
85,Chattogram Division,Chattogram,Chattogram Maa Shishu O General Hospital,69,11,0,7,1,0,0,9,1,85,13,14,15,"13, Apr 10:49 AM"
86,Chattogram Division,Chattogram,"Chattogram Medical College Hospital,Chattogram",300,17,0,10,3,38,0,10,0,358,20,30,6,"10, Mar 02:24 PM"
87,Chattogram Division,Chattogram,Chattogram Metropolitan Hospital Limited,17,4,0,5,1,0,0,10,2,32,7,20,22,"12, Feb 03:10 PM"
88,Chattogram Division,Chattogram,Chittagong Specialized Treatment & Trauma Center (CSTC),10,1,0,0,0,0,0,2,0,12,1,0,8,"16, Feb 11:11 AM"
89,Chattogram Division,Chattogram,CMP-Bidyanondo Field Hospital,50,2,0,0,0,0,0,0,0,50,2,0,4,"23, Jun 04:49 PM"
90,Chattogram Division,Chattogram,"CSCR Hospital, Chittagong",5,0,0,1,0,0,0,0,0,6,0,0,0,"20, Apr 11:19 AM"
91,Chattogram Division,Chattogram,Dohazari 31 Beded Hospital,20,0,,0,0,,,,,20,0,0,0,"11, Feb 11:01 AM"
92,Chattogram Division,Chattogram,Fatikchari Upazila Health Complex,30,0,0,0,0,0,0,0,0,30,0,0,0,"13, Mar 10:18 AM"
93,Chattogram Division,Chattogram,Hathazari Upazila Health Complex,20,0,0,0,0,0,0,0,0,20,0,0,0,"28, Feb 11:42 AM"
94,Chattogram Division,Chattogram,"Imperial Hospital Limited, Chittagong",27,0,0,4,0,0,0,0,0,31,0,0,0,"08, May 09:59 AM"
95,Chattogram Division,Chattogram,Lohagara Trauma Center,20,0,0,0,0,0,0,0,0,20,0,0,0,"11, May 09:31 AM"
96,Chattogram Division,Chattogram,Lohagara Upazila Health Complex,20,0,0,0,0,0,0,0,0,20,0,0,0,"11, May 09:49 AM"
97,Chattogram Division,Chattogram,"Max Hospital, CTG",17,0,0,5,0,5,0,0,0,27,0,0,0,"16, Mar 08:00 PM"
98,Chattogram Division,Chattogram,"Medical center hospital, Chattogram",20,6,0,3,1,0,0,7,2,30,9,33,30,"26, Sep 02:46 PM"
99,Chattogram Division,Chattogram,Mirarsarai Upazila Health Complex,0,0,0,0,0,0,0,0,0,0,0,0,0,"30, Nov 09:21 AM"
100,Chattogram Division,Chattogram,National Hospital Chattogram (Pvt.) Ltd,20,4,0,0,0,0,0,0,0,20,4,0,20,"10, Feb 12:14 PM"
101,Chattogram Division,Chattogram,Patiya Upazila Health Complex,20,0,0,0,0,0,0,0,0,20,0,0,0,"12, Feb 09:47 AM"
102,Chattogram Division,Chattogram,Rangunia Upazila Health Complex,14,0,0,0,0,0,0,0,0,14,0,0,0,"14, Feb 09:50 AM"
103,Chattogram Division,Chattogram,Raozan Upazila Health Complex,10,0,0,0,0,0,0,0,0,10,0,0,0,"17, Mar 10:13 AM"
104,Chattogram Division,Chattogram,Sandwip Upazila Health Complex,20,0,0,0,0,0,0,0,0,20,0,0,0,"28, Aug 11:02 AM"
105,Chattogram Division,Chattogram,Satkania Upazila Health Complex,20,0,3,0,0,0,0,0,0,20,3,0,15,"07, Dec 08:49 AM"
106,Chattogram Division,Chattogram,Sitakunda Upazila Health Complex,20,0,0,0,0,0,0,0,0,20,0,0,0,"09, Feb 03:30 PM"
107,Chattogram Division,Chattogram,"Sultanpur 31 bed Hospital, Raozan",50,0,0,0,0,0,0,0,0,50,0,0,0,"09, Mar 10:24 AM"
108,Chattogram Division,Chattogram,Surgiscope Hospital Limited,10,0,0,4,0,4,0,3,0,21,0,0,0,"06, Mar 11:07 AM"
109,Khulna Division,Chuadanga,Alamdanga Upazila Health Complex,10,0,0,0,0,0,0,0,0,10,0,0,0,"16, Sep 07:59 AM"
110,Khulna Division,Chuadanga,"Chuadanga District Hospital, Chuadanga",136,0,0,6,0,4,0,8,0,154,0,0,0,"02, Apr 12:07 PM"
111,Khulna Division,Chuadanga,Damurhuda Upazila Health Complex,30,0,0,0,0,0,0,0,0,30,0,0,0,"01, Sep 11:33 AM"
112,Khulna Division,Chuadanga,Jibannagar Upazila Health Complex,26,0,,0,0,,,,,26,0,0,0,"08, Feb 09:12 AM"
113,Chattogram Division,Comilla,Barura Upazila Health Complex,0,0,0,0,0,0,0,0,0,0,0,0,0,"16, Nov 12:22 PM"
114,Chattogram Division,Comilla,Brahmmanpara Upazila Health Complex,10,0,0,0,0,0,0,0,0,10,0,0,0,"09, Nov 09:49 AM"
115,Chattogram Division,Comilla,Burichong Upazila Health Complex,20,0,0,0,0,0,0,0,0,20,0,0,0,"07, Dec 09:19 AM"
116,Chattogram Division,Comilla,Chaddagram Upazila Health Complex,0,0,0,0,0,0,0,0,0,0,0,0,0,"02, Nov 10:41 PM"
117,Chattogram Division,Comilla,Chandina Upazila Health Complex,15,0,0,0,0,0,0,0,0,15,0,0,0,"23, Aug 10:31 AM"
118,Chattogram Division,Comilla,Comilla Sadar Daxin Upazila Health Complex,10,0,0,2,0,0,0,5,0,17,0,0,0,"04, Jan 11:20 AM"
119,Chattogram Division,Comilla,Cumilla General Hospital,100,0,0,0,0,0,0,0,0,100,0,0,0,"27, Jul 10:47 AM"
120,Chattogram Division,Comilla,Cumilla Medical College Hospital,180,0,0,30,12,20,5,0,0,230,17,40,7,"03, Jun 02:02 PM"
121,Chattogram Division,Comilla,Daudkandi Upazila Health Complex,32,0,0,0,0,0,0,0,0,32,0,0,0,"26, Jun 09:24 AM"
122,Chattogram Division,Comilla,Debidwar Upazila Health Complex,10,0,0,0,0,0,0,0,0,10,0,0,0,"03, Sep 09:22 AM"
123,Chattogram Division,Comilla,Homna Upazila Health Complex,10,0,0,0,0,0,0,0,0,10,0,0,0,"08, Dec 10:24 AM"
124,Chattogram Division,Comilla,Laksham Upazila Health Complex,30,0,0,0,0,0,0,0,0,30,0,0,0,"18, Feb 01:42 PM"
125,Chattogram Division,Comilla,Meghna Upazila Health Complex,10,0,0,0,0,0,0,0,0,10,0,0,0,"13, Oct 12:58 PM"
126,Chattogram Division,Comilla,Monoharganj Upazila Health Complex,0,20,0,0,0,0,0,0,0,0,20,0,0,"21, Mar 11:00 AM"
127,Chattogram Division,Comilla,Muradnagar Upazila Health Complex,10,0,0,0,0,0,0,0,0,10,0,0,0,"20, May 11:08 AM"
128,Chattogram Division,Comilla,Nangolkot Upazila Health Complex,10,0,0,2,0,2,,,,14,0,0,0,"20, May 10:14 AM"
129,Chattogram Division,Comilla,Titas Upazila Health Complex,13,0,0,0,0,0,0,0,0,13,0,0,0,"06, Dec 05:36 PM"
130,Chattogram Division,Coxs Bazar,Chakaria Upazila Health Complex,50,0,0,0,0,0,0,0,0,50,0,0,0,"13, May 08:56 PM"
131,Chattogram Division,Coxs Bazar,Cox's Bazar 250 Bed District Sadar Hospital,39,0,0,10,0,0,0,10,0,59,0,0,0,"25, Apr 09:04 AM"
132,Chattogram Division,Coxs Bazar,Kutubdia Upazila Health Complex,27,0,0,0,0,0,0,0,0,27,0,0,0,"06, Dec 09:58 AM"
133,Chattogram Division,Coxs Bazar,Moheshkhali Upazila Health Complex,50,0,0,0,0,0,0,0,0,50,0,0,0,"18, May 11:41 AM"
134,Chattogram Division,Coxs Bazar,Pekua Upazila Health Complex,0,0,0,0,0,0,0,0,0,0,0,0,0,"26, Mar 08:36 AM"
135,Chattogram Division,Coxs Bazar,Ramu Upazila Health Complex,50,0,0,0,0,0,0,0,0,50,0,0,0,"13, Apr 09:45 AM"
136,Chattogram Division,Coxs Bazar,Teknaf Upazila Health Complex,0,0,0,0,0,0,0,0,0,0,0,0,0,"27, Mar 07:00 PM"
137,Chattogram Division,Coxs Bazar,Ukhyia Upazila Health Complex,30,0,0,0,0,0,0,0,0,30,0,0,0,"07, Dec 09:06 AM"
138,Dhaka Division,Dhaka,250 Beded TB Hospital Shyamoli,126,10,0,,,,,,,126,10,0,8,"28, Jun 10:38 AM"
139,Dhaka Division,Dhaka,"Ad-Din Medical College Hospital Mogbazar, Dhaka",20,0,0,1,0,1,0,0,0,22,0,0,0,"15, May 12:17 PM"
140,Dhaka Division,Dhaka,"AL-MANAR HOSPITAL LTD, Dhaka",14,0,0,6,0,3,0,0,0,23,0,0,0,"23, Oct 10:13 AM"
141,Dhaka Division,Dhaka,AMZ Hospital Ltd.,8,0,0,4,0,6,0,4,0,22,0,0,0,"26, Mar 10:10 AM"
142,Dhaka Division,Dhaka,Anwar Khan Modern Medical College Hospital,140,0,0,26,0,0,0,12,0,178,0,0,0,"19, Jul 01:08 PM"
143,Dhaka Division,Dhaka,Asgar Ali Hospital,4,0,0,4,0,0,0,0,0,8,0,0,0,"06, Dec 10:00 AM"
144,Dhaka Division,Dhaka,Bangabandhu Sheikh Mujib Medical University (BSMMU),0,0,0,0,0,0,0,0,0,0,0,0,0,"08, Nov 09:57 AM"
145,Dhaka Division,Dhaka,"Bangladesh Institute of Health Sciences General Hospital, Dhaka",32,0,0,7,0,11,0,1,0,51,0,0,0,"31, Mar 01:17 PM"
146,Dhaka Division,Dhaka,Bangladesh Medical College & Hospital,41,0,1,6,0,4,0,0,0,51,1,0,2,"29, Mar 08:41 AM"
147,Dhaka Division,Dhaka,Bangladesh Specialized Hospital Limited,4,0,0,2,0,0,0,0,0,6,0,0,0,"28, Aug 01:34 PM"
148,Dhaka Division,Dhaka,"Better life Hospital, Rampura",62,1,0,24,0,0,0,0,0,86,1,0,1,"31, May 09:34 AM"
149,Dhaka Division,Dhaka,BIRDEM General Hospital,12,0,0,9,0,8,0,7,7,36,7,0,19,"20, Mar 09:51 AM"
150,Dhaka Division,Dhaka,Care Medical College Hospital,14,0,0,4,0,0,0,0,0,18,0,0,0,"07, Feb 09:16 AM"
151,Dhaka Division,Dhaka,"Central Police Hospital, Rajarbag, Dhaka",470,200,0,15,2,0,0,15,1,500,203,13,41,"18, Jan 06:27 PM"
152,Dhaka Division,Dhaka,Dhaka Central International Medical College & Hospital,67,0,0,10,2,0,0,5,0,82,2,20,2,"26, Apr 10:22 AM"
153,Dhaka Division,Dhaka,"Dhaka Medical College Hospital, Dhaka",485,3,0,20,9,0,0,40,0,545,12,45,2,"07, Dec 10:01 AM"
154,Dhaka Division,Dhaka,Dhamrai Upazila Health Complex,1,0,0,0,0,0,0,0,0,1,0,0,0,"02, Dec 05:08 PM"
155,Dhaka Division,Dhaka,Dhanmondi Clinic Pvt Ltd,13,2,0,0,0,0,0,0,0,13,2,0,15,"22, Feb 10:36 PM"
156,Dhaka Division,Dhaka,Dhanmondi General And Kidney Hospital Limited,10,2,0,13,0,2,0,0,0,25,2,0,8,"16, Jul 04:40 PM"
157,Dhaka Division,Dhaka,DNCC Dedicated Covid-19 Hospital,554,0,,212,0,,,288,0,1054,0,0,0,"28, Jul 10:26 AM"
158,Dhaka Division,Dhaka,Dohar Upazila Health Complex,10,0,0,0,0,0,0,0,0,10,0,0,0,"06, Dec 01:53 PM"
159,Dhaka Division,Dhaka,Dr. Azmal Hospital Ltd,13,0,0,0,0,0,0,0,0,13,0,0,0,"15, Sep 10:42 AM"
160,Dhaka Division,Dhaka,Enam Medical College & Hospital,0,0,0,5,0,0,0,15,0,20,0,0,0,"04, Dec 01:11 PM"
161,Dhaka Division,Dhaka,Evercare Hospital Limited Dhaka,6,1,0,4,4,0,0,0,0,10,5,100,50,"07, Aug 09:47 AM"
162,Dhaka Division,Dhaka,Famous Specialized Hospital,22,0,0,8,0,0,0,0,0,30,0,0,0,"22, Aug 10:31 AM"
163,Dhaka Division,Dhaka,Gonoshasthaya Nagar Hospital,15,0,0,0,0,5,0,5,0,25,0,0,0,"20, Sep 10:29 AM"
164,Dhaka Division,Dhaka,Green Life Medical College Hospital,5,0,0,3,0,0,0,2,0,10,0,0,0,"07, Dec 09:51 AM"
165,Dhaka Division,Dhaka,"Hi-Care General Hospital Ltd, Dhaka",12,0,0,10,0,8,0,8,0,38,0,0,0,"11, Jan 11:21 AM"
166,Dhaka Division,Dhaka,Holy Family Red Cresent Medical College Hospital,123,0,0,20,0,10,0,12,0,165,0,0,0,"03, Dec 09:11 AM"
167,Dhaka Division,Dhaka,IBN SINA Medical College Hospital,3,0,0,3,0,10,0,0,0,16,0,0,0,"12, Sep 12:26 PM"
168,Dhaka Division,Dhaka,Impulse Hospital,250,0,0,56,0,0,0,0,0,306,0,0,0,"07, Dec 09:00 AM"
169,Dhaka Division,Dhaka,"Infectious Diseases Hospital, Dhaka",50,2,0,0,0,0,0,0,0,50,2,0,4,"07, Feb 11:11 AM"
170,Dhaka Division,Dhaka,Insaf Barakah Kidney and General Hospital,26,0,0,3,0,2,0,3,0,34,0,0,0,"15, Mar 10:19 AM"
171,Dhaka Division,Dhaka,"Japan Bangladesh Friendship Hospital, Dhaka",28,0,0,12,0,0,0,0,0,40,0,0,0,"06, Nov 11:50 AM"
172,Dhaka Division,Dhaka,Keraniganj Upazila Health Complex,0,0,0,0,0,0,0,,,0,0,0,0,"23, Nov 10:34 PM"
173,Dhaka Division,Dhaka,Kurmitola General Hospital ( 500 Bed ),275,21,0,10,3,0,0,15,0,300,24,30,8,"28, Aug 12:49 PM"
174,Dhaka Division,Dhaka,Kuwait Bangladesh Friendship Govt. Hospital,64,45,0,16,13,0,0,0,0,80,58,81,73,"22, Jan 01:27 PM"
175,Dhaka Division,Dhaka,Labaid Hospital,0,0,0,0,0,0,0,0,0,0,0,0,0,"19, Nov 09:52 AM"
176,Dhaka Division,Dhaka,Millennium Heart & General Hospital Limited,12,4,0,8,2,0,0,4,0,24,6,25,25,"30, Sep 10:01 AM"
177,Dhaka Division,Dhaka,Monowara Hospital Ltd.,16,0,0,2,0,2,0,2,0,22,0,0,0,"23, May 04:10 PM"
178,Dhaka Division,Dhaka,Mugda Medical College and Hospital,60,1,0,10,0,0,0,10,0,80,1,0,1,"01, Apr 02:43 PM"
179,Dhaka Division,Dhaka,National Heart Foundation Hospital & Research Institute,26,0,0,0,0,4,0,6,0,36,0,0,0,"01, Apr 12:36 PM"
180,Dhaka Division,Dhaka,"National Institute of Cancer Research and Hospital, Dhaka",0,0,0,0,0,0,0,0,0,0,0,0,0,"06, Dec 09:10 AM"
181,Dhaka Division,Dhaka,"National Institute of Cardiovascular Diseases, Dhaka",42,0,0,8,0,0,0,0,0,50,0,0,0,"07, May 02:04 PM"
182,Dhaka Division,Dhaka,"National Institute of Diseases of the Chest and Hospital,Dhaka",104,36,0,10,7,6,0,0,0,120,43,70,36,"04, Oct 10:21 AM"
183,Dhaka Division,Dhaka,National Institute of ENT,,,,0,,0,,,,0,0,0,0,"28, Jul 03:33 PM"
184,Dhaka Division,Dhaka,"National Institute of Kidney Diseases & Urology, Dhaka",20,0,0,0,0,0,0,0,0,20,0,0,0,"24, Nov 11:25 AM"
185,Dhaka Division,Dhaka,"National Institute of Mental Health and Research, Dhaka",0,0,0,0,0,0,0,0,0,0,0,0,0,"26, Nov 11:57 AM"
186,Dhaka Division,Dhaka,National Institute of Neuro Science (NINS),60,0,0,0,0,2,0,0,0,62,0,0,0,"30, Apr 09:09 AM"
187,Dhaka Division,Dhaka,"National Institute of Ophthalmology, Dhaka(NIO)",100,0,0,0,0,0,0,0,0,100,0,0,0,"20, Sep 10:40 AM"
188,Dhaka Division,Dhaka,"National Institute of Traumatology & Orthopaedic Rehabilitation, Dhaka(NITO",0,0,0,0,0,0,0,0,0,0,0,0,0,"07, Jan 09:57 AM"
189,Dhaka Division,Dhaka,Nawabganj Upazila Health Complex,0,0,0,0,0,0,0,,,0,0,0,0,"20, Nov 02:22 PM"
190,Dhaka Division,Dhaka,Popular Medical College & Hospital,130,,,,,,,,,130,0,0,0,"27, Dec 09:05 AM"
191,Dhaka Division,Dhaka,Proshanti Hospital,2,0,0,6,0,0,0,0,0,8,0,0,0,"10, Mar 06:56 PM"
192,Dhaka Division,Dhaka,SAJIDA Foundation Hospital Keraniganj,16,0,0,6,0,0,0,0,0,22,0,0,0,"10, Jun 09:24 AM"
193,Dhaka Division,Dhaka,Samorita Hospital Ltd,32,0,0,8,0,10,0,4,0,54,0,0,0,"07, Dec 09:51 AM"
194,Dhaka Division,Dhaka,"Sarkari Karmachari Hospital- Fulbaria, Dhaka",2,0,0,0,0,33,0,0,0,35,0,0,0,"16, Sep 10:47 AM"
195,Dhaka Division,Dhaka,Savar Upazila Health Complex,0,0,,0,0,,,,,0,0,0,0,"29, Nov 02:29 PM"
196,Dhaka Division,Dhaka,"Shahabuddin Medical College and Hospital, Gulshan",178,0,0,12,0,0,0,10,0,200,0,0,0,"30, Jan 03:56 PM"
197,Dhaka Division,Dhaka,"Shaheed Suhrawardy Medical College Hospital, Dhaka",50,6,0,15,0,5,5,15,0,85,11,0,13,"29, Dec 10:24 AM"
198,Dhaka Division,Dhaka,Sheikh Russel Gastro Liver Institute and Hospital,174,0,0,16,0,0,0,0,0,190,0,0,0,"23, Jan 05:51 PM"
199,Dhaka Division,Dhaka,Sir Salimullah Medical College Mitford Hospital Dhaka,0,0,0,0,0,0,0,0,0,0,0,0,0,"12, Mar 09:06 AM"
200,Dhaka Division,Dhaka,"Square Hospital, Dhaka",2,0,,2,0,,,,,4,0,0,0,"02, Dec 11:24 AM"
201,Dhaka Division,Dhaka,"United Hospital Limited, Dhaka",4,0,0,4,0,,,0,,8,0,0,0,"11, Nov 07:09 PM"
202,Dhaka Division,Dhaka,"Universal Medical College Hospital, Dhaka",26,3,0,26,4,8,0,5,0,65,7,15,11,"20, Jan 10:59 AM"
203,Dhaka Division,Dhaka,Uttara Cresent Hospital,8,0,0,2,0,10,0,0,0,20,0,0,0,"11, Apr 10:25 AM"
204,Dhaka Division,Dhaka,Uttara Lake View Specialized Hospital (Pvt.) LTD,7,0,0,1,0,4,0,8,0,20,0,0,0,"09, Oct 01:52 PM"
205,Dhaka Division,Dhaka,Yamagata Dhaka friendship Hospital,,,,,,,,,,0,0,0,0,"24, Jun 08:34 PM"
206,Dhaka Division,Dhaka,Z.H. Sikder Women's Medical College & Hospital Ltd,12,0,0,2,0,,,,,14,0,0,0,"06, Dec 10:43 AM"
207,Rangpur Division,Dinajpur,Birampur Upazila Health Complex,20,0,0,0,0,0,0,0,0,20,0,0,0,"25, Nov 02:41 PM"
208,Rangpur Division,Dinajpur,Birganj Upazila Health Complex,10,0,0,0,0,0,0,0,0,10,0,0,0,"06, Dec 09:17 AM"
209,Rangpur Division,Dinajpur,Birol Upazila Health Complex,0,0,0,0,0,0,0,0,0,0,0,0,0,"02, Dec 09:21 AM"
210,Rangpur Division,Dinajpur,Bochaganj Upazila Health Complex,10,8,0,0,0,0,0,0,0,10,8,0,80,"17, Feb 02:10 PM"
211,Rangpur Division,Dinajpur,Chirirbandar Upazila Health Complex,13,0,,0,0,,,,,13,0,0,0,"19, Apr 01:47 PM"
212,Rangpur Division,Dinajpur,"Dinajpur District Hospital, Dinajpur",0,0,0,0,0,0,0,0,0,0,0,0,0,"09, May 11:05 AM"
213,Rangpur Division,Dinajpur,Fulbari DP Upazila Health Complex,0,0,0,0,0,0,0,0,0,0,0,0,0,"06, Dec 02:25 PM"
214,Rangpur Division,Dinajpur,Ghoraghat Upazila Health Complex,4,0,0,0,0,0,0,0,0,4,0,0,0,"06, Dec 11:01 AM"
215,Rangpur Division,Dinajpur,Hakimpur Upazila Health Complex,15,0,0,0,0,0,0,0,0,15,0,0,0,"16, Apr 10:58 AM"
216,Rangpur Division,Dinajpur,Kaharol Upazila Health Complex,,,,,,,,,,0,0,0,0,"30, Jun 04:26 PM"
217,Rangpur Division,Dinajpur,Khansama Upazila Health Complex,20,0,0,0,0,0,0,0,0,20,0,0,0,"07, Dec 09:43 AM"
218,Rangpur Division,Dinajpur,"M Abdur Rahim Medical College Hospital, Dinajpur",3,0,0,16,0,0,0,11,0,30,0,0,0,"15, Nov 09:38 AM"
219,Rangpur Division,Dinajpur,Nawabganj DP Upazila Health Complex,20,0,0,0,0,0,0,0,0,20,0,0,0,"16, Sep 10:45 AM"
220,Rangpur Division,Dinajpur,Parbatipur Upazila Health Complex,15,0,0,0,0,0,0,0,0,15,0,0,0,"27, Jul 02:28 PM"
221,Dhaka Division,Faridpur,Alfadanga Upazila Health Complex,5,0,0,0,0,0,0,0,0,5,0,0,0,"11, Sep 11:57 AM"
222,Dhaka Division,Faridpur,Bhanga Upazila Health Complex,5,0,0,0,0,0,,,,5,0,0,0,"07, Aug 04:31 PM"
223,Dhaka Division,Faridpur,Boalmari Upazila Health Complex,10,0,0,0,0,0,0,0,0,10,0,0,0,"07, Nov 11:08 PM"
224,Dhaka Division,Faridpur,Charbhadrason Upazila Health Complex,6,1,0,0,0,0,0,0,0,6,1,0,17,"31, Jan 11:45 AM"
225,Dhaka Division,Faridpur,"Faridpur General Hospital, Faridpur",6,0,0,0,0,0,0,0,0,6,0,0,0,"15, Nov 10:17 AM"
226,Dhaka Division,Faridpur,"Faridpur Medical College Hospital, Faridpur",54,0,0,10,4,10,0,6,0,80,4,40,5,"20, Nov 09:24 AM"
227,Dhaka Division,Faridpur,Modhukhali Upazila Health Complex,4,0,0,0,0,0,0,0,0,4,0,0,0,"14, Aug 01:48 PM"
228,Dhaka Division,Faridpur,Nagarkanda Upazila Health Complex,2,0,0,0,0,0,0,0,0,2,0,0,0,"05, Feb 09:51 AM"
229,Dhaka Division,Faridpur,Sadarpur Upazila Health Complex,6,0,0,0,0,0,0,0,0,6,0,0,0,"02, Jul 11:54 AM"
230,Chattogram Division,Feni,Chhagalnaya Upazila Health Complex,2,0,0,0,0,0,0,0,0,2,0,0,0,"07, Dec 10:23 AM"
231,Chattogram Division,Feni,Daganbhuiya Upazila Health Complex,0,0,0,0,0,0,0,0,0,0,0,0,0,"20, Apr 11:23 AM"
232,Chattogram Division,Feni,Feni 250 Bed District Sadar Hospital,130,0,0,10,0,4,0,10,0,154,0,0,0,"07, Dec 09:32 AM"
233,Chattogram Division,Feni,"Fulgazi Health Complex, Feni",10,0,0,0,0,0,0,0,0,10,0,0,0,"07, Dec 09:19 AM"
234,Chattogram Division,Feni,Parsuram Upazila Health Complex,20,0,0,0,0,0,0,0,0,20,0,0,0,"16, Sep 10:15 AM"
235,Chattogram Division,Feni,Sonagazi Upazila Health Complex,25,0,0,0,0,0,0,0,0,25,0,0,0,"19, Jul 10:50 AM"
236,Rangpur Division,Gaibandha,Fulchari Upazila Health Complex,15,0,0,0,0,0,0,0,0,15,0,0,0,"05, Dec 12:13 PM"
237,Rangpur Division,Gaibandha,"Gaibandha District Hospital, Gaibandha",42,0,0,0,0,0,0,0,0,42,0,0,0,"31, Mar 10:15 AM"
238,Rangpur Division,Gaibandha,Gobindaganj Upazila Health Complex,6,0,0,0,0,0,0,0,0,6,0,0,0,"31, Mar 04:24 PM"
239,Rangpur Division,Gaibandha,Palashbari Upazila Health Complex,10,0,0,0,0,0,0,0,0,10,0,0,0,"06, Dec 01:38 PM"
240,Rangpur Division,Gaibandha,Sadullapur Upazila Health Complex,10,0,0,0,0,0,0,0,0,10,0,0,0,"06, Dec 07:58 AM"
241,Rangpur Division,Gaibandha,Shaghatta Upazila Health Complex,6,0,0,0,,0,0,0,0,6,0,0,0,"14, Aug 09:22 AM"
242,Rangpur Division,Gaibandha,Sundarganj Upazila Health Complex,20,0,0,0,0,0,0,0,0,20,0,0,0,"20, Jan 03:47 PM"
243,Dhaka Division,Gazipur,Japan East West Medical College Hospital,44,0,0,12,0,6,0,9,0,71,0,0,0,"26, Apr 09:24 AM"
244,Dhaka Division,Gazipur,Kaliakair Upazila Health Complex,0,0,0,0,0,0,0,0,0,0,0,0,0,"30, Nov 08:55 AM"
245,Dhaka Division,Gazipur,Kaliganj GZ Upazila Health Complex,2,0,0,0,0,0,0,0,0,2,0,0,0,"08, Aug 07:22 AM"
246,Dhaka Division,Gazipur,Kapasia Upazila Health Complex,5,0,0,0,0,0,0,0,0,5,0,0,0,"07, Mar 03:32 PM"
247,Dhaka Division,Gazipur,"Shaheed Ahsan Ullah Master General Hospital, Tongi, Gazipur",20,0,0,0,0,0,0,0,0,20,0,0,0,"31, Dec 10:34 AM"
248,Dhaka Division,Gazipur,"Shaheed Tajuddin Ahmad Medical College Hospital, Gazipur",100,0,0,8,0,0,0,2,0,110,0,0,0,"17, Dec 09:59 AM"
249,Dhaka Division,Gazipur,Sreepur Upazila Health Complex,25,0,0,0,0,0,0,0,0,25,0,0,0,"14, Sep 04:34 PM"
250,Dhaka Division,Gopalganj,Gopalganj 250 bed General Hospital,100,0,0,0,0,0,0,0,0,100,0,0,0,"16, Feb 11:04 AM"
251,Dhaka Division,Gopalganj,Kashiani Upazila Health Complex,10,0,0,0,0,0,0,0,0,10,0,0,0,"01, Jan 10:22 AM"
252,Dhaka Division,Gopalganj,Kotalipara Upazila Health Complex,10,0,0,0,0,0,0,0,0,10,0,0,0,"14, Nov 04:01 PM"
253,Dhaka Division,Gopalganj,Mukshedpur Upazila Health Complex,10,0,0,0,0,,,,,10,0,0,0,"21, Feb 11:17 AM"
254,Dhaka Division,Gopalganj,Tungipara Upazila Health Complex,34,0,0,0,0,0,0,0,0,34,0,0,0,"14, Sep 11:06 AM"
255,Sylhet Division,Habiganj,"Azmiriganj Upazila Health Complex,Habiganj",5,0,0,0,0,0,0,0,0,5,0,0,0,"12, Sep 08:27 PM"
256,Sylhet Division,Habiganj,"Bahubal Upazila Health Complex,Habiganj",10,0,0,0,0,0,0,0,0,10,0,0,0,"20, May 12:20 PM"
257,Sylhet Division,Habiganj,"Baniachong Upazila Health Complex, Habiganj",5,0,0,0,0,0,0,0,0,5,0,0,0,"09, Aug 01:18 PM"
258,Sylhet Division,Habiganj,"Chunarughat Upazila Health Complex,Habiganj",0,0,0,0,0,0,0,0,0,0,0,0,0,"11, Jul 09:52 PM"
259,Sylhet Division,Habiganj,"Hobiganj District Hospital, Hobiganj",100,0,0,0,0,0,0,0,0,100,0,0,0,"23, Feb 11:55 AM"
260,Sylhet Division,Habiganj,"Lakhai Upazila Health Complex,Habiganj",5,0,0,0,0,0,0,0,0,5,0,0,0,"07, Dec 10:12 AM"
261,Sylhet Division,Habiganj,"Madhabpur Upazila Health Complex,Habiganj",20,0,0,0,0,0,0,0,0,20,0,0,0,"16, Jan 01:03 PM"
262,Sylhet Division,Habiganj,"Nabiganj Upazila Health Complex,Habiganj",19,0,0,0,0,0,0,0,0,19,0,0,0,"07, Dec 10:15 AM"
263,Mymensingh Division,Jamalpur,Bakshiganj Upazila Health Complex,10,0,0,0,0,0,0,0,0,10,0,0,0,"16, Sep 10:13 AM"
264,Mymensingh Division,Jamalpur,Dewanganj Upazila Health Complex,20,0,0,0,0,0,0,0,0,20,0,0,0,"05, Feb 10:25 PM"
265,Mymensingh Division,Jamalpur,Islampur Upazila Health Complex,10,0,0,0,0,0,0,0,0,10,0,0,0,"31, Oct 05:23 PM"
266,Mymensingh Division,Jamalpur,Jamalpur 250 Beded General Hospital,68,0,0,2,0,0,0,2,0,72,0,0,0,"24, Nov 02:17 PM"
267,Mymensingh Division,Jamalpur,Madarganj Upazila Health Complex,5,0,0,0,0,0,0,5,0,10,0,0,0,"10, Jul 03:13 PM"
268,Mymensingh Division,Jamalpur,Melandaha Upazila Health Complex,10,0,0,0,0,0,0,0,0,10,0,0,0,"13, May 11:34 PM"
269,Mymensingh Division,Jamalpur,Sarishabari Upazila Health Complex,0,0,0,0,0,0,0,0,0,0,0,0,0,"07, Dec 08:11 AM"
270,Khulna Division,Jashor,Abhoynagar Upazila Health Complex,40,0,0,0,0,0,0,0,0,40,0,0,0,"17, Oct 09:57 AM"
271,Khulna Division,Jashor,Bagherpara Upazila Health Complex,25,1,1,0,0,0,0,0,0,25,2,0,8,"07, Dec 08:50 AM"
272,Khulna Division,Jashor,Chowgacha Upazila Health Complex,26,0,0,0,0,0,0,0,0,26,0,0,0,"06, Dec 09:17 AM"
273,Khulna Division,Jashor,Jassore 250 bed General Hospital,20,0,0,10,0,5,0,3,0,38,0,0,0,"26, Nov 01:29 PM"
274,Khulna Division,Jashor,"Jessore Chest Hospital, Jessore",28,0,0,0,0,0,0,0,0,28,0,0,0,"20, Jul 12:05 PM"
275,Khulna Division,Jashor,Jhikargacha Upazila Health Complex,20,0,0,0,0,0,0,0,0,20,0,0,0,"16, Jul 09:45 AM"
276,Khulna Division,Jashor,Keshabpur Upazila Health Complex,23,0,0,0,0,0,0,0,0,23,0,0,0,"23, Aug 09:39 AM"
277,Khulna Division,Jashor,Monirampur Upazila Health Complex,5,0,0,0,0,0,0,0,0,5,0,0,0,"25, May 10:46 AM"
278,Khulna Division,Jashor,Sarsa Upazila Health Complex,0,0,0,0,0,0,0,0,0,0,0,0,0,"30, Nov 12:24 PM"
279,Barishal Division,Jhalokathi,Jhalokathi District Hospital,20,0,0,0,0,0,0,0,0,20,0,0,0,"05, Apr 12:09 PM"
280,Barishal Division,Jhalokathi,Kathalia Upazila Health Complex,15,0,,0,0,,,,,15,0,0,0,"15, Feb 09:36 AM"
281,Barishal Division,Jhalokathi,Nalchithi Upazila Health Complex,25,0,0,0,0,0,0,0,0,25,0,0,0,"26, Jul 11:59 AM"
282,Barishal Division,Jhalokathi,Rajapur Upazila Health Complex,20,0,0,0,0,0,0,0,0,20,0,0,0,"21, Nov 10:07 AM"
283,Khulna Division,Jhenaidah,"Harinakunda Upazila Health Complex, Jhenaidah",0,0,0,0,0,0,0,0,0,0,0,0,0,"06, Mar 02:20 PM"
284,Khulna Division,Jhenaidah,"Jhenaidah District Hospital, Jhenaidah",20,1,0,0,0,0,0,0,0,20,1,0,5,"06, Nov 10:53 AM"
285,Khulna Division,Jhenaidah,Kaliganj JD Upazila Health Complex,17,0,0,0,0,0,0,0,0,17,0,0,0,"07, Dec 08:24 AM"
286,Khulna Division,Jhenaidah,Kotchandpur Upazila Health Complex,0,0,0,0,0,0,0,0,0,0,0,0,0,"02, Dec 10:56 AM"
287,Khulna Division,Jhenaidah,Moheshpur Upazila Health Complex,0,0,0,0,0,0,0,0,0,0,0,0,0,"31, Jan 02:12 PM"
288,Khulna Division,Jhenaidah,Shailkupa Upazila Health Complex,5,0,0,0,0,0,0,0,0,5,0,0,0,"05, Aug 07:30 AM"
289,Rajshahi Division,Joypurhat,Akkelpur Upazila Health Complex,0,0,0,0,0,0,0,0,0,0,0,0,0,"02, Aug 10:33 AM"
290,Rajshahi Division,Joypurhat,"Joypurhat District Hospital, Joypurhat",20,0,0,0,0,0,0,0,0,20,0,0,0,"02, Dec 10:18 AM"
291,Rajshahi Division,Joypurhat,Kalai Upazila Health Complex,10,0,0,0,0,0,0,0,0,10,0,0,0,"07, Dec 09:06 AM"
292,Rajshahi Division,Joypurhat,Khetlal Upazila Health Complex,0,0,0,0,0,0,0,0,0,0,0,0,0,"22, May 10:12 AM"
293,Rajshahi Division,Joypurhat,Panchbibi Upazila Health Complex,5,0,0,0,0,0,0,0,0,5,0,0,0,"03, Dec 07:35 PM"
294,Chattogram Division,Khagrachhari,Dighinala Upazila Health Complex,2,0,0,0,0,0,0,0,0,2,0,0,0,"06, Dec 09:29 AM"
295,Chattogram Division,Khagrachhari,"Khagrachari District Hospital, Khagrachari",50,0,0,0,0,0,0,0,0,50,0,0,0,"24, Oct 10:43 AM"
296,Chattogram Division,Khagrachhari,Lakshmichari Upazila Health Complex,3,0,0,0,0,0,0,0,0,3,0,0,0,"09, Aug 07:50 AM"
297,Chattogram Division,Khagrachhari,Manikchari Upazila Health Complex,5,0,0,0,0,0,0,0,0,5,0,0,0,"07, Dec 06:55 AM"
298,Chattogram Division,Khagrachhari,Matiranga Upazila Health Complex,8,0,0,0,0,0,0,0,0,8,0,0,0,"14, Jul 01:54 PM"
299,Chattogram Division,Khagrachhari,Mohalchari Upazila Health Complex,5,0,0,0,0,0,0,0,0,5,0,0,0,"07, Dec 09:36 AM"
300,Chattogram Division,Khagrachhari,Panchari Upazila Health Complex,9,0,0,0,0,0,0,0,0,9,0,0,0,"07, Dec 09:46 AM"
301,Chattogram Division,Khagrachhari,Ramgarh Upazila Health Complex,5,0,0,0,0,0,0,0,0,5,0,0,0,"07, Dec 08:18 AM"
302,Khulna Division,Khulna,Batiaghata Upazila Health Complex,20,0,0,0,0,0,0,0,0,20,0,0,0,"25, Nov 01:02 PM"
303,Khulna Division,Khulna,Dacope Upazila Health Complex,20,0,0,0,0,0,0,0,0,20,0,0,0,"31, May 04:31 PM"
304,Khulna Division,Khulna,Dighalia Upazila Health Complex,10,0,0,0,0,0,0,0,0,10,0,0,0,"04, Aug 09:17 PM"
305,Khulna Division,Khulna,Dumuria Upazila Health Complex,20,0,0,0,0,0,0,0,0,20,0,0,0,"06, Dec 10:20 AM"
306,Khulna Division,Khulna,Fultala Upazila Health Complex,15,0,0,0,0,0,0,0,0,15,0,0,0,"07, Dec 09:37 AM"
307,Khulna Division,Khulna,Gazi Medical College Hospital,130,3,0,9,0,9,0,11,2,159,5,0,3,"25, Sep 09:50 AM"
308,Khulna Division,Khulna,"Khulna District Hospital, Khulna",80,0,0,0,0,0,0,0,0,80,0,0,0,"14, Aug 09:00 AM"
309,Khulna Division,Khulna,"Khulna Medical College Hospital, Khulna",150,4,0,30,0,0,0,20,0,200,4,0,2,"25, Apr 02:21 PM"
310,Khulna Division,Khulna,Koyra Upazila Health Complex,10,0,0,0,0,0,0,0,0,10,0,0,0,"20, Dec 11:17 AM"
311,Khulna Division,Khulna,Paikgacha Upazila Health Complex,15,0,0,0,0,0,0,0,0,15,0,0,0,"16, Jul 09:09 AM"
312,Khulna Division,Khulna,Rupsha Upazila Health Complex,15,0,0,0,0,0,0,0,0,15,0,0,0,"09, Feb 10:48 AM"
313,Khulna Division,Khulna,"Shaheed Sheikh Abu Naser Specialized Hospital, Khulna",0,0,0,0,0,0,0,0,0,0,0,0,0,"30, Sep 09:43 AM"
314,Khulna Division,Khulna,Terakhada Upazila Health Complex,20,0,0,0,0,0,0,0,0,20,0,0,0,"07, Dec 09:40 AM"
315,Dhaka Division,Kishoreganj,Austagram Upazila Health Complex,0,0,0,0,0,0,0,0,0,0,0,0,0,"19, Jan 10:37 AM"
316,Dhaka Division,Kishoreganj,Bajitpur Upazila Health Complex,5,0,0,0,0,0,0,0,0,5,0,0,0,"22, Feb 01:59 PM"
317,Dhaka Division,Kishoreganj,Bhairab Upazila Health Complex,20,0,0,0,0,0,0,0,0,20,0,0,0,"11, Jun 09:01 AM"
318,Dhaka Division,Kishoreganj,Hossainpur Upazila Health Complex,19,0,0,0,0,0,0,0,0,19,0,0,0,"03, Mar 11:38 AM"
319,Dhaka Division,Kishoreganj,Itna Upazila Health Complex,0,0,0,0,0,0,0,0,0,0,0,0,0,"13, Aug 02:27 PM"
320,Dhaka Division,Kishoreganj,Karimganj Upazila Health Complex,5,0,0,0,0,0,0,0,0,5,0,0,0,"07, Dec 10:54 AM"
321,Dhaka Division,Kishoreganj,Katiadi Upazila Health Complex,20,0,0,0,0,0,0,0,0,20,0,0,0,"16, Apr 02:08 PM"
322,Dhaka Division,Kishoreganj,Kishoreganj 250 Bed District Sadar Hospital,20,0,0,0,0,0,0,0,0,20,0,0,0,"28, Feb 11:32 AM"
323,Dhaka Division,Kishoreganj,Kuliarchar Upazila Health Complex,3,0,0,0,0,0,0,0,0,3,0,0,0,"16, Oct 07:17 AM"
324,Dhaka Division,Kishoreganj,Mithamoin Upazila Health Complex,0,0,0,0,0,0,0,0,,0,0,0,0,"03, Dec 09:50 AM"
325,Dhaka Division,Kishoreganj,Nikli Upazila Health Complex,10,0,0,0,0,0,0,0,0,10,0,0,0,"26, Oct 12:26 PM"
326,Dhaka Division,Kishoreganj,Pakundia Upazila Health Complex,10,,,,,,,,,10,0,0,0,"14, Jun 11:33 AM"
327,Dhaka Division,Kishoreganj,Shahid Syed Nazrul Islam Medical College Hospital,15,1,0,10,0,0,0,0,0,25,1,0,4,"07, Dec 08:50 AM"
328,Dhaka Division,Kishoreganj,Tarail Upazila Health Complex,0,0,0,0,0,,,,,0,0,0,0,"07, Dec 08:17 AM"
329,Dhaka Division,Kishoregonj,"Jahurul Islam Medical College and Hospital, Bajitpur, Kishoreganj",29,0,0,3,0,3,0,4,0,39,0,0,0,"07, Dec 11:49 AM"
330,Rangpur Division,Kurigram,Bhurungamari Upazila Health Complex,10,0,0,0,0,0,0,0,0,10,0,0,0,"12, Feb 08:04 AM"
331,Rangpur Division,Kurigram,Chilmari Upazila Health Complex,5,0,0,0,0,0,0,0,0,5,0,0,0,"15, Apr 05:18 PM"
332,Rangpur Division,Kurigram,Fulbari KG Upazila Health Complex,5,0,0,0,0,0,0,0,0,5,0,0,0,"23, Jul 10:01 AM"
333,Rangpur Division,Kurigram,"Kurigram District Hospital, Kurigram",50,3,0,0,0,0,0,0,0,50,3,0,6,"03, Mar 12:23 PM"
334,Rangpur Division,Kurigram,Nageswari Upazila Health Complex,6,0,0,0,0,0,0,0,0,6,0,0,0,"20, May 02:39 PM"
335,Rangpur Division,Kurigram,Rajarhat Upazila Health Complex,2,0,0,0,0,0,0,0,0,2,0,0,0,"12, Sep 12:59 PM"
336,Rangpur Division,Kurigram,Rajibpur Upazila Health Complex,6,0,,0,0,,,,,6,0,0,0,"13, Feb 02:25 PM"
337,Rangpur Division,Kurigram,Rowmari Upazila Health Complex,10,0,0,0,0,0,0,0,0,10,0,0,0,"13, Dec 11:44 AM"
338,Rangpur Division,Kurigram,Ulipur Upazila Health Complex,10,0,0,0,0,0,0,0,0,10,0,0,0,"14, Aug 03:59 PM"
339,Khulna Division,Kushtia,Bheramara Upazila Health Complex,5,0,0,0,0,0,0,0,0,5,0,0,0,"07, Dec 06:27 AM"
340,Khulna Division,Kushtia,"Daulatpur KT Upazila Health Complex, Kushtia",30,0,0,0,0,0,0,0,0,30,0,0,0,"07, Dec 10:02 AM"
341,Khulna Division,Kushtia,Khoksha Upazila Health Complex,10,0,0,0,0,0,0,0,0,10,0,0,0,"06, Dec 01:15 PM"
342,Khulna Division,Kushtia,"Kumarkhali Upazila Health Complex, Kushtia",20,0,0,0,0,0,0,0,0,20,0,0,0,"07, Dec 07:03 AM"
343,Khulna Division,Kushtia,Kushtia 250 bed General Hospital,2,0,0,4,0,0,0,6,0,12,0,0,0,"06, Dec 03:32 PM"
344,Khulna Division,Kushtia,"Mirpur Upazila Health Complex, Kushtia",31,0,0,0,0,0,0,0,0,31,0,0,0,"07, Dec 09:46 AM"
345,Chattogram Division,Laksmipur,Kamolnagar Upazila Health Complex,20,1,0,0,0,0,0,0,0,20,1,0,5,"20, Feb 12:03 PM"
346,Chattogram Division,Laksmipur,Lakshmipur District Hospital,80,0,0,3,0,5,0,0,0,88,0,0,0,"08, Aug 09:46 AM"
347,Chattogram Division,Laksmipur,Raipur Upazila Health Complex,20,0,0,0,0,0,0,0,0,20,0,0,0,"27, Oct 09:47 AM"
348,Chattogram Division,Laksmipur,Ramganj Upazila Health Complex,10,0,,0,0,,,,,10,0,0,0,"26, Jun 01:46 PM"
349,Chattogram Division,Laksmipur,Ramgati Upazila Health Complex,0,0,0,0,0,0,0,,,0,0,0,0,"16, Jul 12:35 PM"
350,Rangpur Division,Lalmonirhat,Aditmari Upazila Health Complex,7,0,0,0,0,0,0,0,0,7,0,0,0,"21, Apr 03:20 PM"
351,Rangpur Division,Lalmonirhat,Hatibandha Upazila Health Complex,6,0,0,0,0,0,0,0,0,6,0,0,0,"07, Dec 09:58 AM"
352,Rangpur Division,Lalmonirhat,Kaliganj LH Upazila Health Complex,10,0,0,0,0,0,0,0,0,10,0,0,0,"06, Dec 11:28 AM"
353,Rangpur Division,Lalmonirhat,"Lalmonirhat District Hospital, Lalmonirhat",8,6,0,0,0,0,0,0,0,8,6,0,75,"31, Jan 11:14 AM"
354,Rangpur Division,Lalmonirhat,Patgram Upazila Health Complex,6,0,0,0,0,0,0,0,0,6,0,0,0,"14, Feb 02:20 PM"
355,Dhaka Division,Madaripur,Kalkini Upazila Health Complex,5,0,0,0,0,0,0,0,0,5,0,0,0,"28, Oct 10:11 AM"
356,Dhaka Division,Madaripur,"Madaripur District Hospital, Madaripur",42,0,0,0,0,0,0,0,0,42,0,0,0,"03, May 10:43 PM"
357,Dhaka Division,Madaripur,Rajoir Upazila Health Complex,0,0,0,0,0,0,0,0,0,0,0,0,0,"13, Mar 12:38 PM"
358,Dhaka Division,Madaripur,Shibchar Upazila Health Complex,20,0,0,0,0,0,0,0,0,20,0,0,0,"24, Aug 02:23 PM"
359,Khulna Division,Magura,"Magura District Hospital, Magura",50,0,0,0,0,0,0,0,0,50,0,0,0,"07, Dec 10:49 AM"
360,Khulna Division,Magura,Mohammadpur Upazila Health Complex,17,0,0,0,0,0,0,0,0,17,0,0,0,"05, Dec 10:43 AM"
361,Khulna Division,Magura,Shalikha Upazila Health Complex,5,0,0,0,0,0,0,0,0,5,0,0,0,"06, Aug 09:37 AM"
362,Khulna Division,Magura,Sreepur MG Upazila Health Complex,5,0,0,0,0,0,0,0,0,5,0,0,0,"07, Dec 07:45 AM"
363,Dhaka Division,Manikganj,Daulatpur Upazila Health Complex,0,0,0,0,0,0,0,0,0,0,0,0,0,"06, Jul 09:59 AM"
364,Dhaka Division,Manikganj,Ghior Upazila Health Complex,20,0,0,0,0,0,0,0,0,20,0,0,0,"27, Mar 11:42 AM"
365,Dhaka Division,Manikganj,Harirampur Upazila Health Complex,6,0,0,0,0,0,0,0,0,6,0,0,0,"09, Feb 01:58 PM"
366,Dhaka Division,Manikganj,Manikganj 250 Bed District Hospital,96,0,0,2,0,0,0,2,0,100,0,0,0,"23, Jul 01:08 PM"
367,Dhaka Division,Manikganj,Saturia Upazila Health Complex,20,0,,0,0,,,,,20,0,0,0,"19, Feb 10:43 AM"
368,Dhaka Division,Manikganj,Shibalaya Upazila Health Complex,10,4,0,0,0,0,0,0,0,10,4,0,40,"06, Feb 01:39 PM"
369,Dhaka Division,Manikganj,Singair Upazila Health Complex,0,0,0,0,0,0,0,0,0,0,0,0,0,"27, Feb 06:53 PM"
370,Sylhet Division,Maulavi Bazar,"Barlekha Upazila Health Complex,Moulvibazar",10,0,0,0,0,0,0,0,0,10,0,0,0,"07, Apr 09:24 AM"
371,Sylhet Division,Maulavi Bazar,"Juri Upazila Health Complex,Moulvibazar",10,0,0,0,0,0,0,0,0,10,0,0,0,"12, Feb 03:31 PM"
372,Sylhet Division,Maulavi Bazar,"Kamalganj Upazila Health Complex,Moulvibazar",20,0,0,0,0,0,0,0,0,20,0,0,0,"25, Jun 02:18 PM"
373,Sylhet Division,Maulavi Bazar,"Kulaura Upazila Health Complex,Moulvibazar",20,9,0,0,0,0,0,0,0,20,9,0,45,"27, Jan 10:38 AM"
374,Sylhet Division,Maulavi Bazar,"M.Bazar District Hospital, M.Bazar",60,0,0,0,0,0,0,5,0,65,0,0,0,"29, Mar 11:16 AM"
375,Sylhet Division,Maulavi Bazar,"Rajnagar Upazila Health Complex,Moulvibazar",30,0,0,0,0,0,0,0,0,30,0,0,0,"10, May 10:46 AM"
376,Sylhet Division,Maulavi Bazar,"Sreemangal Upazila Health Complex,Moulvibazar",20,0,0,0,5,0,0,0,0,20,5,0,25,"19, Jul 01:05 PM"
377,Khulna Division,Meherpur,"Gangni Upazila Health Complex, Meherpur",10,0,0,0,0,0,0,0,0,10,0,0,0,"07, Dec 09:01 AM"
378,Khulna Division,Meherpur,Meherpur 250 bed District Hospital,40,0,0,5,0,0,0,5,0,50,0,0,0,"11, Dec 10:14 AM"
379,Khulna Division,Meherpur,Mujibnagar Upazila Health Complex,10,0,0,0,0,0,0,0,0,10,0,0,0,"06, Jun 10:16 AM"
380,Dhaka Division,Munshiganj,Gazaria Upazila Health Complex,20,0,0,0,0,0,0,0,0,20,0,0,0,"30, Oct 10:59 AM"
381,Dhaka Division,Munshiganj,Louhajang Upazila Health Complex,20,20,0,0,0,0,0,,,20,20,0,100,"14, Jul 12:26 PM"
382,Dhaka Division,Munshiganj,Munshiganj 250 bed District Hospital,250,0,0,0,0,0,0,0,0,250,0,0,0,"24, Jun 11:37 AM"
383,Dhaka Division,Munshiganj,Serajdikhan Upazila Health Complex,20,0,0,0,0,,,,,20,0,0,0,"29, Nov 10:02 AM"
384,Dhaka Division,Munshiganj,Sreenagar Upazila Health Complex,20,0,0,0,0,0,0,0,0,20,0,0,0,"02, Jun 09:56 AM"
385,Dhaka Division,Munshiganj,Tungibari Upazila Health Complex,20,0,0,0,0,0,0,0,0,20,0,0,0,"20, Feb 09:19 AM"
386,Mymensingh Division,Mymensingh,Bhaluka Upazila Health Complex,20,0,0,0,0,0,0,0,0,20,0,0,0,"07, Dec 10:10 AM"
387,Mymensingh Division,Mymensingh,Dhubaura Upazila Health Complex,20,0,0,0,0,0,0,,,20,0,0,0,"02, Dec 10:24 AM"
388,Mymensingh Division,Mymensingh,Fulbaria Upazila Health Complex,20,0,0,0,0,0,0,0,0,20,0,0,0,"05, Dec 11:22 AM"
389,Mymensingh Division,Mymensingh,Fulpur Upazila Health Complex,20,0,0,0,0,0,0,0,0,20,0,0,0,"07, Mar 10:07 AM"
390,Mymensingh Division,Mymensingh,Gofargaon Upazila Health Complex,20,0,0,0,0,0,0,0,0,20,0,0,0,"30, Nov 01:14 PM"
391,Mymensingh Division,Mymensingh,Gouripur Upazila Health Complex,20,0,0,0,0,0,0,0,0,20,0,0,0,"04, Dec 09:03 PM"
392,Mymensingh Division,Mymensingh,Haluaghat Upazila Health Complex,20,0,0,0,0,0,0,0,0,20,0,0,0,"12, Sep 12:10 PM"
393,Mymensingh Division,Mymensingh,Iswarganj Upazila Health Complex,20,0,0,0,0,,,,,20,0,0,0,"04, Dec 08:12 PM"
394,Mymensingh Division,Mymensingh,Muktagacha Upazila Health Complex,20,0,0,0,0,0,0,0,0,20,0,0,0,"07, Dec 09:21 AM"
395,Mymensingh Division,Mymensingh,"Mymensingh Medical College Hospital, Mymensingh",380,31,0,25,2,0,0,0,0,405,33,8,8,"08, Aug 07:43 AM"
396,Mymensingh Division,Mymensingh,Nandail Upazila Health Complex,20,0,0,0,0,0,0,0,0,20,0,0,0,"07, Dec 10:07 AM"
397,Mymensingh Division,Mymensingh,Trisal Upazila Health Complex,20,0,0,0,0,0,0,0,0,20,0,0,0,"07, Dec 09:34 AM"
398,Rajshahi Division,Naogaon,Atrai Upazila Health Complex,12,0,0,0,0,0,0,0,0,12,0,0,0,"26, Aug 09:13 AM"
399,Rajshahi Division,Naogaon,Badalgachi Upazila Health Complex,3,0,0,0,0,0,0,0,0,3,0,0,0,"06, Dec 10:39 AM"
400,Rajshahi Division,Naogaon,Dhamairhat Upazila Health Complex,10,0,0,0,0,0,0,0,0,10,0,0,0,"06, Dec 11:05 AM"
401,Rajshahi Division,Naogaon,Manda Upazila Health Complex,5,0,0,0,0,0,0,0,0,5,0,0,0,"07, Dec 09:16 AM"
402,Rajshahi Division,Naogaon,Mohadevpur Upazila Health Complex,12,0,0,0,0,0,0,0,0,12,0,0,0,"07, Dec 09:57 AM"
403,Rajshahi Division,Naogaon,"Naogaon District Hospital, Naogaon",5,0,0,0,0,0,0,0,0,5,0,0,0,"07, Dec 09:28 AM"
404,Rajshahi Division,Naogaon,Niamatpur Upazila Health Complex,0,0,0,0,0,0,0,0,0,0,0,0,0,"05, Dec 10:40 AM"
405,Rajshahi Division,Naogaon,Patnitala Upazila Health Complex,15,0,0,0,0,0,0,0,0,15,0,0,0,"07, Dec 07:03 AM"
406,Rajshahi Division,Naogaon,Porsha Upazila Health Complex,10,0,0,0,0,0,0,0,0,10,0,0,0,"06, Dec 10:46 AM"
407,Rajshahi Division,Naogaon,Raninagar Upazila Health Complex,10,0,0,0,0,0,0,0,0,10,0,0,0,"03, Dec 12:45 PM"
408,Rajshahi Division,Naogaon,Sapahar Upazila Health Complex,10,0,0,0,0,0,0,0,0,10,0,0,0,"29, Nov 01:13 PM"
409,Khulna Division,Narail,Kalia Upazila Health Complex,10,0,0,0,0,0,0,0,0,10,0,0,0,"19, Nov 10:20 AM"
410,Khulna Division,Narail,Lohagara Upazila Health Complex,10,0,0,0,0,0,0,0,0,10,0,0,0,"12, Feb 12:51 PM"
411,Khulna Division,Narail,"Narail District Hospital, Narail",100,1,0,0,0,0,0,0,0,100,1,0,1,"07, Apr 01:05 PM"
412,Dhaka Division,Narayanganj,Araihazar Upazila Health Complex,20,3,0,0,0,0,0,0,0,20,3,0,15,"13, Aug 10:45 AM"
413,Dhaka Division,Narayanganj,Bandar Upazila Health Complex,20,0,,0,0,,,,,20,0,0,0,"02, Aug 12:53 PM"
414,Dhaka Division,Narayanganj,Narayanganj 300 bed Hospital,0,0,0,10,0,0,0,0,0,10,0,0,0,"02, Apr 09:23 AM"
415,Dhaka Division,Narayanganj,Narayanganj General (Victoria) Hospital (100bed),2,0,0,0,0,0,0,,,2,0,0,0,"03, Oct 09:58 AM"
416,Dhaka Division,Narayanganj,Rupganj Upazila Health Complex,20,3,0,0,0,0,0,,,20,3,0,15,"06, Feb 09:33 AM"
417,Dhaka Division,Narayanganj,Sonargaon Upazila Health Complex,0,0,,0,0,,,,,0,0,0,0,"25, Sep 10:06 AM"
418,Dhaka Division,Narsingdi,Belabo Upazila Health Complex,5,0,0,0,0,0,0,0,0,5,0,0,0,"25, Jul 01:48 PM"
419,Dhaka Division,Narsingdi,Monohardi Upazila Health Complex,0,0,0,0,0,0,0,0,0,0,0,0,0,"28, May 04:12 PM"
420,Dhaka Division,Narsingdi,"Narsingdi (100 bed) Zila Hospital, Narshingdi",100,0,0,0,0,,,,,100,0,0,0,"24, Jul 12:16 PM"
421,Dhaka Division,Narsingdi,"Narsingdi District Hospital, Narsingdi",100,0,0,0,0,0,0,0,0,100,0,0,0,"23, Nov 09:46 AM"
422,Dhaka Division,Narsingdi,Palash Upazila Health Complex,20,0,0,0,0,0,0,0,0,20,0,0,0,"30, Dec 06:44 PM"
423,Dhaka Division,Narsingdi,Raipura Upazila Health Complex,10,0,0,0,0,0,0,0,0,10,0,0,0,"23, Jul 10:05 AM"
424,Dhaka Division,Narsingdi,Shibpur Upazila Health Complex,25,0,0,0,0,0,0,0,0,25,0,0,0,"16, Jul 11:03 AM"
425,Rajshahi Division,Natore,Bagatipara Upazila Health Complex,8,0,0,0,0,0,0,0,0,8,0,0,0,"06, Dec 10:15 AM"
426,Rajshahi Division,Natore,Baraigram Upazila Health Complex,10,0,0,0,0,0,0,0,0,10,0,0,0,"07, Dec 12:59 PM"
427,Rajshahi Division,Natore,Gurudashpur Upazila Health Complex,10,0,0,0,0,0,0,0,0,10,0,0,0,"07, Dec 09:40 AM"
428,Rajshahi Division,Natore,Lalpur Upazila Health Complex,20,0,0,0,0,0,0,0,0,20,0,0,0,"07, Dec 10:05 AM"
429,Rajshahi Division,Natore,"Natore District Hospital, Natore",5,0,0,0,0,0,0,0,0,5,0,0,0,"24, Jul 10:35 AM"
430,Rajshahi Division,Natore,Singra Upazila Health Complex,10,0,0,0,0,0,0,0,0,10,0,0,0,"07, Dec 10:20 AM"
431,Mymensingh Division,Netrokona,Atpara Upazila Health Complex,10,0,0,0,0,0,0,0,0,10,0,0,0,"06, Dec 02:48 PM"
432,Mymensingh Division,Netrokona,Barhatta Upazila Health Complex,0,0,0,0,0,0,0,0,0,0,0,0,0,"30, Nov 01:04 PM"
433,Mymensingh Division,Netrokona,Durgapur Upazila Health Complex,10,0,0,0,0,0,0,0,0,10,0,0,0,"23, Feb 12:29 PM"
434,Mymensingh Division,Netrokona,Kalmakanda Upazila Health Complex,10,0,0,0,0,0,0,0,0,10,0,0,0,"24, Nov 11:34 AM"
435,Mymensingh Division,Netrokona,Kendua Upazila Health Complex,10,0,0,0,0,0,0,0,0,10,0,0,0,"03, Sep 01:27 AM"
436,Mymensingh Division,Netrokona,Khaliajuri Upazila Health Complex,5,0,0,0,0,0,0,0,0,5,0,0,0,"02, Jun 09:48 PM"
437,Mymensingh Division,Netrokona,Madan Upazila Health Complex,10,0,,0,0,,,,,10,0,0,0,"08, Oct 12:32 PM"
438,Mymensingh Division,Netrokona,Mohanganj Upazila Health Complex,10,0,0,0,0,0,0,0,0,10,0,0,0,"07, Dec 10:08 AM"
439,Mymensingh Division,Netrokona,"Netrokona District Hospital, Netrokona",36,0,0,0,0,0,0,0,0,36,0,0,0,"30, Nov 01:07 AM"
440,Mymensingh Division,Netrokona,Purbadhala Upazila Health Complex,10,0,0,0,0,0,0,0,0,10,0,0,0,"06, Dec 10:53 AM"
441,Rangpur Division,Nilphamari,"100 Bed Hospital, Saidpur, Nilphamari",40,0,0,0,0,0,0,0,0,40,0,0,0,"10, Sep 09:56 AM"
442,Rangpur Division,Nilphamari,Dimla Upazila Health Complex,10,0,0,0,0,0,0,0,0,10,0,0,0,"15, Jun 08:48 AM"
443,Rangpur Division,Nilphamari,Domar Upazila Health Complex,20,0,0,0,0,0,0,0,0,20,0,0,0,"23, Nov 02:24 PM"
444,Rangpur Division,Nilphamari,Jaldhaka Upazila Health Complex,10,0,0,0,0,0,0,0,0,10,0,0,0,"07, Nov 01:10 PM"
445,Rangpur Division,Nilphamari,Kishoreganj Upazila Health Complex,15,0,0,0,0,0,0,0,0,15,0,0,0,"22, Apr 08:24 AM"
446,Rangpur Division,Nilphamari,"Nilphamari District Hospital, Nilphamari",100,0,0,0,0,0,0,0,0,100,0,0,0,"07, Dec 10:59 AM"
447,Rangpur Division,Nilphamari,Saidpur Upazila Health Complex,0,0,0,0,0,0,0,0,0,0,0,0,0,"01, Jan 04:11 PM"
448,Chattogram Division,Noakhali,Begumganj Upazila Health Complex,10,3,0,0,0,0,0,0,0,10,3,0,30,"31, Jul 10:22 AM"
449,Chattogram Division,Noakhali,Chatkhil Upazila Health Complex,14,0,0,0,0,0,0,0,0,14,0,0,0,"28, May 10:57 AM"
450,Chattogram Division,Noakhali,Companiganj Upazila Health Complex,20,0,0,0,0,0,0,0,0,20,0,0,0,"22, Jul 09:25 PM"
451,Chattogram Division,Noakhali,Hatiya Upazila Health Complex,10,,0,0,0,0,0,0,0,10,0,0,0,"06, Feb 11:24 PM"
452,Chattogram Division,Noakhali,Kabirhat Upazila Health Complex,10,0,0,0,0,0,0,0,0,10,0,0,0,"02, Mar 04:54 PM"
453,Chattogram Division,Noakhali,Noakhali 250 Bed General Hospital,120,18,0,0,0,0,0,0,0,120,18,0,15,"02, Feb 11:06 AM"
454,Chattogram Division,Noakhali,Senbag Upazila Health Complex,10,0,0,0,0,0,0,0,0,10,0,0,0,"20, Feb 10:42 AM"
455,Chattogram Division,Noakhali,Sonaimuri Upazila Health Complex,10,0,0,0,0,0,0,0,0,10,0,0,0,"19, Aug 10:11 AM"
456,Chattogram Division,Noakhali,Subarnachar Upazila Health Complex,0,0,0,0,0,0,0,0,0,0,0,0,0,"06, Dec 09:53 AM"
457,Rajshahi Division,Pabna,Atghoria Upazila Health Complex,10,0,0,0,0,0,0,0,0,10,0,0,0,"06, Dec 10:08 PM"
458,Rajshahi Division,Pabna,Bera Upazila Health Complex,10,0,0,0,0,0,0,0,0,10,0,0,0,"06, Dec 01:24 PM"
459,Rajshahi Division,Pabna,Bhangura Upazila Health Complex,10,0,0,0,0,0,0,0,0,10,0,0,0,"06, Dec 08:50 AM"
460,Rajshahi Division,Pabna,Chatmohar Upazila Health Complex,20,0,0,0,0,0,0,0,0,20,0,0,0,"26, Apr 09:09 AM"
461,Rajshahi Division,Pabna,Faridpur Upazila Health Complex,10,0,0,0,0,0,0,0,0,10,0,0,0,"06, Dec 03:10 PM"
462,Rajshahi Division,Pabna,Iswardi Upazila Health Complex,0,0,0,0,0,0,0,0,0,0,0,0,0,"08, Dec 02:12 PM"
463,Rajshahi Division,Pabna,"Pabna District Hospital, Pabna",10,0,0,0,0,0,0,0,0,10,0,0,0,"06, Dec 11:02 AM"
464,Rajshahi Division,Pabna,Santhia Upazila Health Complex,2,0,0,0,0,0,0,0,0,2,0,0,0,"06, Dec 12:18 PM"
465,Rajshahi Division,Pabna,Sujanagar Upazila Health Complex,20,5,0,0,0,0,0,0,0,20,5,0,25,"07, Dec 09:07 AM"
466,Rangpur Division,Panchaghar,Atwari Upazila Health Complex,20,0,0,0,0,0,0,0,0,20,0,0,0,"16, Sep 10:48 AM"
467,Rangpur Division,Panchaghar,Boda Upazila Health Complex,0,0,0,0,0,0,0,0,0,0,0,0,0,"30, Mar 09:45 PM"
468,Rangpur Division,Panchaghar,Debiganj Upazila Health Complex,5,0,0,0,0,0,0,0,0,5,0,0,0,"16, Sep 08:48 AM"
469,Rangpur Division,Panchaghar,"Panchagarh District Hospital, Panchagarh",20,2,0,0,0,0,0,0,0,20,2,0,10,"28, Feb 01:40 PM"
470,Rangpur Division,Panchaghar,Tetulia Upazila Health Complex,20,0,0,0,0,0,0,0,0,20,0,0,0,"06, Dec 09:40 AM"
471,Barishal Division,Patuakhali,Bauphal Upazila Health Complex,20,0,0,0,0,0,0,0,1,20,1,0,5,"24, Mar 02:12 PM"
472,Barishal Division,Patuakhali,Dashmina Upazila Health Complex,20,0,0,0,0,0,0,0,0,20,0,0,0,"06, Mar 07:10 AM"
473,Barishal Division,Patuakhali,Dumki Upazila Health Complex,20,2,0,0,0,0,0,0,0,20,2,0,10,"26, Sep 01:24 PM"
474,Barishal Division,Patuakhali,Galachipa Upazila Health Complex,20,0,0,0,0,0,0,0,0,20,0,0,0,"06, Nov 11:35 AM"
475,Barishal Division,Patuakhali,Kalapara Upazila Health Complex,20,0,0,0,0,0,0,0,0,20,0,0,0,"05, Dec 10:42 AM"
476,Barishal Division,Patuakhali,Mirzaganj Upazila Health Complex,20,0,0,0,0,0,0,0,0,20,0,0,0,"27, Sep 09:10 AM"
477,Barishal Division,Patuakhali,"Patuakhali 250 bed Sadar Hospital, Patuakhali",80,0,0,5,1,0,0,0,0,85,1,20,1,"02, Aug 11:22 AM"
478,Barishal Division,Pirojpur,Bhandaria Upazila Health Complex,0,0,0,0,0,0,0,0,0,0,0,0,0,"11, Apr 03:16 PM"
479,Barishal Division,Pirojpur,Kawkhali Upazila Health Complex,5,0,0,0,0,0,0,0,0,5,0,0,0,"02, Mar 12:37 PM"
480,Barishal Division,Pirojpur,Mathbaria Upazila Health Complex,15,0,,0,0,,,,,15,0,0,0,"05, Apr 09:27 AM"
481,Barishal Division,Pirojpur,Nazirpur Upazila Health Complex,10,0,0,0,0,0,0,0,0,10,0,0,0,"07, Dec 09:56 AM"
482,Barishal Division,Pirojpur,Nesarabad Upazila Health Complex,10,0,0,0,0,0,0,0,0,10,0,0,0,"25, Sep 12:41 PM"
483,Barishal Division,Pirojpur,"Pirojpur District Hospital, Pirojpur",10,0,0,0,0,0,0,0,0,10,0,0,0,"06, Dec 01:15 PM"
484,Dhaka Division,Rajbari,Baliakandi Upazila Health Complex,20,0,0,0,0,0,0,0,0,20,0,0,0,"19, Dec 09:24 AM"
485,Dhaka Division,Rajbari,Goalanda Upazila Health Complex,22,0,0,0,0,0,0,0,0,22,0,0,0,"30, Jan 04:29 PM"
486,Dhaka Division,Rajbari,Kalukhali Upazila Health Complex,20,0,0,0,0,0,0,0,0,20,0,0,0,"19, Jul 12:01 PM"
487,Dhaka Division,Rajbari,Pangsha Upazila Health Complex,0,0,0,0,0,0,0,0,0,0,0,0,0,"29, Nov 11:20 AM"
488,Dhaka Division,Rajbari,"Rajbari District Hospital, Rajbari",20,3,0,0,0,0,0,0,0,20,3,0,15,"15, Feb 10:27 PM"
489,Rajshahi Division,Rajshahi,Bagha Upazila Health Complex,10,0,0,0,0,0,0,0,0,10,0,0,0,"04, Dec 02:57 PM"
490,Rajshahi Division,Rajshahi,Bagmara Upazila Health Complex,,,,,,,,,,0,0,0,0,"05, Jul 01:04 PM"
491,Rajshahi Division,Rajshahi,Charghat Upazila Health Complex,0,0,0,0,0,0,0,0,0,0,0,0,0,"10, Oct 01:32 PM"
492,Rajshahi Division,Rajshahi,Durgapur Upazila Health Complex,14,0,0,0,0,0,0,0,0,14,0,0,0,"29, Jun 02:04 PM"
493,Rajshahi Division,Rajshahi,"Godagari 31 beded Hospital, Rajshahi",4,0,0,0,0,0,0,0,0,4,0,0,0,"04, Sep 10:40 AM"
494,Rajshahi Division,Rajshahi,Godagari Upazila Health Complex,6,0,0,0,0,0,0,0,0,6,0,0,0,"07, Dec 08:29 AM"
495,Rajshahi Division,Rajshahi,Mohanpur Upazila Health Complex,15,0,0,0,0,0,0,0,0,15,0,0,0,"18, Aug 01:37 AM"
496,Rajshahi Division,Rajshahi,Paba Upazila Health Complex,10,0,0,0,0,0,0,0,0,10,0,0,0,"14, Mar 09:34 AM"
497,Rajshahi Division,Rajshahi,Puthia Upazila Health Complex,10,0,0,0,0,0,0,0,0,10,0,0,0,"06, Dec 07:50 PM"
498,Rajshahi Division,Rajshahi,"Rajshahi Medical College Hospital, Rajshahi",24,0,0,0,0,0,0,0,0,24,0,0,0,"15, May 10:07 AM"
499,Rajshahi Division,Rajshahi,Tanore Upazila Health Complex,10,0,0,0,0,0,0,0,0,10,0,0,0,"06, Dec 01:50 PM"
500,Chattogram Division,Rangamati,Baghaichari Upazila Health Complex,5,0,0,0,0,0,0,0,0,5,0,0,0,"13, Jul 10:25 AM"
501,Chattogram Division,Rangamati,Barkol Upazila Health Complex,2,0,0,0,0,0,0,0,0,2,0,0,0,"06, Dec 05:19 PM"
502,Chattogram Division,Rangamati,Belaichari Upazila Health Complex,5,0,0,0,0,0,0,0,0,5,0,0,0,"16, Aug 11:22 AM"
503,Chattogram Division,Rangamati,Juraichari Upazila Health Complex,5,0,0,0,0,0,0,0,0,5,0,0,0,"11, Jul 11:57 AM"
504,Chattogram Division,Rangamati,Kaptai Upazila Health Complex,20,0,0,0,0,0,0,0,0,20,0,0,0,"06, Feb 01:16 PM"
505,Chattogram Division,Rangamati,Kawkhali Upazila Health Complex,0,0,0,0,0,0,0,0,0,0,0,0,0,"06, Dec 11:43 AM"
506,Chattogram Division,Rangamati,Langadu Upazila Health Complex,5,0,0,0,0,0,0,0,0,5,0,0,0,"06, Dec 10:23 AM"
507,Chattogram Division,Rangamati,Naniarchar Upazila Health Complex,0,0,0,0,0,0,0,0,0,0,0,0,0,"04, Dec 12:16 PM"
508,Chattogram Division,Rangamati,Rajasthali Upazila Health Complex,20,0,0,0,0,0,0,0,0,20,0,0,0,"03, Jan 01:13 PM"
509,Chattogram Division,Rangamati,Rangamati General Hospital,50,0,0,0,0,0,0,0,0,50,0,0,0,"26, Jun 11:07 AM"
510,Rangpur Division,Rangpur,Badarganj Upazila Health Complex,,,,,,,,,,0,0,0,0,"05, Jan 11:17 PM"
511,Rangpur Division,Rangpur,"Doctors Community Hospital Private Ltd, Rangpur",30,4,0,4,0,0,0,0,0,34,4,0,12,"07, Feb 11:13 AM"
512,Rangpur Division,Rangpur,Gangachara Upazila Health Complex,10,0,0,0,0,0,0,,0,10,0,0,0,"15, Sep 11:06 AM"
513,Rangpur Division,Rangpur,"Haragacha 31 bed Hospital, Rangpur",2,1,0,0,0,0,0,0,0,2,1,0,50,"12, Apr 03:34 PM"
514,Rangpur Division,Rangpur,Kownia Upazila Health Complex,3,0,0,0,0,0,0,,,3,0,0,0,"01, Nov 01:27 PM"
515,Rangpur Division,Rangpur,Mithapukur Upazila Health Complex,0,0,,0,0,,,,,0,0,0,0,"12, Sep 02:41 PM"
516,Rangpur Division,Rangpur,Pirgacha Upazila Health Complex,7,0,0,0,0,0,0,0,0,7,0,0,0,"19, Aug 08:00 PM"
517,Rangpur Division,Rangpur,Pirganj RP Upazila Health Complex,0,0,0,0,0,0,0,0,0,0,0,0,0,"16, Sep 09:37 AM"
518,Rangpur Division,Rangpur,Prime Medical College & Hospital,15,0,0,8,0,0,0,0,0,23,0,0,0,"20, Feb 10:55 AM"
519,Rangpur Division,Rangpur,"Rangpur Medical College Hospital, Rangpur",84,1,0,8,0,0,0,8,1,100,2,0,2,"26, Oct 12:21 PM"
520,Rangpur Division,Rangpur,Taraganj Upazila Health Complex,10,10,0,0,0,0,0,0,0,10,10,0,100,"10, Mar 04:02 PM"
521,Khulna Division,Satkhira,"Assasuni Upazila Health Complex, Satkhira",10,0,0,0,0,0,0,0,0,10,0,0,0,"07, Dec 08:57 AM"
522,Khulna Division,Satkhira,Debhata Upazila Health Complex,10,0,0,0,0,0,0,0,0,10,0,0,0,"21, Aug 12:53 PM"
523,Khulna Division,Satkhira,"Kalaroa Upazila Health Complex, Satkhira",10,0,0,0,0,0,0,0,0,10,0,0,0,"07, Dec 09:29 AM"
524,Khulna Division,Satkhira,"Kaliganj SK Upazila Health Complex, Satkhira",10,0,0,0,0,0,0,0,0,10,0,0,0,"07, Dec 10:12 AM"
525,Khulna Division,Satkhira,Satkhira 250 bed Medical College Hospital,69,7,0,8,8,0,0,0,0,77,15,100,19,"05, Apr 03:13 PM"
526,Khulna Division,Satkhira,"Satkhira District Hospital, Satkhira",10,0,0,0,0,0,0,0,0,10,0,0,0,"19, Feb 11:36 AM"
527,Khulna Division,Satkhira,"Shyamnagar Upazila Health Complex, Satkhira",0,0,0,0,0,0,0,0,0,0,0,0,0,"05, Dec 12:19 PM"
528,Khulna Division,Satkhira,"Tala Upazila Health Complex, Satkhira",10,0,0,0,0,0,0,0,0,10,0,0,0,"07, Dec 08:43 AM"
529,Dhaka Division,Shariatpur,Bhedarganj Upazila Health Complex,5,0,0,0,0,0,0,0,0,5,0,0,0,"01, Aug 02:51 PM"
530,Dhaka Division,Shariatpur,Damudya Upazila Health Complex,5,2,0,0,0,0,0,0,0,5,2,0,40,"29, Jan 12:34 PM"
531,Dhaka Division,Shariatpur,Goshairhat Upazila Health Complex,5,0,0,0,0,0,0,0,0,5,0,0,0,"06, Dec 11:10 AM"
532,Dhaka Division,Shariatpur,Naria Upazila Health Complex,18,0,0,0,0,0,0,0,0,18,0,0,0,"10, Mar 11:09 AM"
533,Dhaka Division,Shariatpur,"Shariatpur District Hospital, Shariatpur",20,0,0,0,0,0,0,0,0,20,0,0,0,"24, Aug 12:28 PM"
534,Dhaka Division,Shariatpur,Zanjira Upazila Health Complex,10,0,0,0,0,0,0,0,0,10,0,0,0,"02, Oct 01:06 PM"
535,Mymensingh Division,Sherpur,Jhenaigati Upazila Health Complex,20,0,0,0,0,0,0,0,0,20,0,0,0,"07, Dec 10:29 AM"
536,Mymensingh Division,Sherpur,Nakla Upazila Health Complex,10,0,0,0,0,0,0,0,0,10,0,0,0,"06, Dec 12:45 PM"
537,Mymensingh Division,Sherpur,Nalitabari Upazila Health Complex,10,0,0,0,0,0,0,0,0,10,0,0,0,"07, Dec 07:47 AM"
538,Mymensingh Division,Sherpur,"Sherpur District Hospital, Sherpur",100,0,0,0,0,0,0,0,0,100,0,0,0,"05, Dec 12:15 PM"
539,Mymensingh Division,Sherpur,Sribordi Upazila health Complex,20,0,0,0,0,0,0,0,0,20,0,0,0,"07, Dec 08:29 AM"
540,Rajshahi Division,Sirajganj,Belkuchi Upazila Health Complex,10,0,0,0,0,0,0,0,0,10,0,0,0,"07, Dec 08:42 AM"
541,Rajshahi Division,Sirajganj,Chowhali Upazila Health Complex,0,0,0,0,0,0,0,0,0,0,0,0,0,"07, Dec 09:47 AM"
542,Rajshahi Division,Sirajganj,Kamarkhanda Upazila Health Complex,10,0,0,0,0,0,0,0,0,10,0,0,0,"07, Dec 09:44 AM"
543,Rajshahi Division,Sirajganj,Kazipur Upazila Health Complex,20,0,0,0,0,0,0,0,0,20,0,0,0,"07, Dec 06:48 AM"
544,Rajshahi Division,Sirajganj,Raiganj Upazila Health Complex,10,0,0,0,0,0,0,0,0,10,0,0,0,"07, Dec 08:23 AM"
545,Rajshahi Division,Sirajganj,Shahzadpur Upazila Health Complex,5,0,0,0,0,0,0,0,0,5,0,0,0,"01, Feb 12:39 PM"
546,Rajshahi Division,Sirajganj,Sirajganj 250 Bed Bongamata Sheikh Fazilatunnesa Mujib General Hospital,0,0,0,0,0,0,0,0,0,0,0,0,0,"07, Dec 09:32 AM"
547,Rajshahi Division,Sirajganj,Tarash Upazila Health Complex,10,0,0,0,0,0,0,0,0,10,0,0,0,"07, Dec 10:18 AM"
548,Rajshahi Division,Sirajganj,Ullapara Upazila Health Complex,0,0,0,0,0,0,0,0,0,0,0,0,0,"07, Dec 09:10 AM"
549,Sylhet Division,Sunamganj,"Biswambarpur Upazila Health Complex,Sunamganj",10,0,0,0,0,0,0,0,0,10,0,0,0,"31, Jan 06:19 PM"
550,Sylhet Division,Sunamganj,"Chhatak Upazila Health Complex,Sunamganj",10,0,0,0,0,0,0,0,0,10,0,0,0,"11, Sep 10:14 AM"
551,Sylhet Division,Sunamganj,"Derai Upazila Health Complex, Sunamganj",20,0,0,0,0,0,0,0,0,20,0,0,0,"15, Feb 12:35 PM"
552,Sylhet Division,Sunamganj,"Dharmapasha Upazila Health Complex,Sunamganj",10,10,0,0,0,,,,,10,10,0,100,"17, Jul 12:00 PM"
553,Sylhet Division,Sunamganj,"Dowarabazar Upazila Health Complex,Sunamganj",10,0,0,0,0,0,0,0,0,10,0,0,0,"04, Dec 09:11 AM"
554,Sylhet Division,Sunamganj,"Jagannathpur Upazila Health Complex, Sunamganj",6,0,0,0,0,0,0,0,0,6,0,0,0,"28, Nov 09:28 AM"
555,Sylhet Division,Sunamganj,"Jamalganj Upazila Health Complex,Sunamganj",5,0,0,0,0,0,0,0,0,5,0,0,0,"24, May 10:46 AM"
556,Sylhet Division,Sunamganj,"Sulla Upazila Health Complex,Sunamganj",,,,,,,0,0,0,0,0,0,0,"12, May 11:41 AM"
557,Sylhet Division,Sunamganj,Sunamganj 250 bed District Sadar Hospital,100,0,0,0,0,0,0,0,0,100,0,0,0,"25, Apr 11:28 AM"
558,Sylhet Division,Sunamganj,"Tahirpur Upazila Health Complex,Sunamganj",20,0,0,0,0,0,0,0,0,20,0,0,0,"11, Mar 02:45 PM"
559,Sylhet Division,Sylhet,"Al Haramain Hospital Private Limited, Sylhet",16,16,0,0,0,0,0,0,0,16,16,0,100,"22, Feb 12:27 PM"
560,Sylhet Division,Sylhet,"Balaganj Upazila Health Complex,Sylhet",5,0,0,0,0,0,0,0,0,5,0,0,0,"13, Jul 07:01 PM"
561,Sylhet Division,Sylhet,"Beani Bazar Upazila Health Complex,Sylhet",10,0,0,0,0,0,0,0,0,10,0,0,0,"16, Oct 11:40 AM"
562,Sylhet Division,Sylhet,"Biswanath Upazila Health Complex,Sylhet",20,0,0,0,0,0,0,0,0,20,0,0,0,"06, Dec 12:23 PM"
563,Sylhet Division,Sylhet,"Companiganj SH Upazila Health Complex,Sylhet",20,0,0,0,0,0,0,0,0,20,0,0,0,"07, Feb 12:31 PM"
564,Sylhet Division,Sylhet,"Dakhin Surma Upazila Health Complex,Sylhet",31,4,0,0,0,0,0,0,0,31,4,0,13,"13, Jul 08:41 AM"
565,Sylhet Division,Sylhet,"Fenchuganj Upazila Health Complex,Sylhet",5,0,0,0,0,0,0,0,0,5,0,0,0,"22, Nov 12:56 PM"
566,Sylhet Division,Sylhet,Golapganj Upazila Health Complex,20,0,0,0,0,0,0,0,0,20,0,0,0,"20, Feb 05:34 PM"
567,Sylhet Division,Sylhet,"Gowainghat Upazila Health Complex,Sylhet",0,0,0,0,0,0,0,0,0,0,0,0,0,"14, Jul 05:00 PM"
568,Sylhet Division,Sylhet,"Jaintiapur Upazila Health Complex,Sylhet",0,0,0,0,0,0,0,0,0,0,0,0,0,"07, Nov 12:15 PM"
569,Sylhet Division,Sylhet,Jalalabad Ragib Rabeya Medical College Hospital,100,0,0,0,0,0,0,0,0,100,0,0,0,"16, Sep 10:10 AM"
570,Sylhet Division,Sylhet,"Kanaighat Upazila Health Complex,Sylhet",0,0,0,0,0,0,0,0,0,0,0,0,0,"12, Jun 09:25 AM"
571,Sylhet Division,Sylhet,"Khadimpara 31 bed Hospital, Sylhet Sadar",31,6,0,0,0,0,0,0,0,31,6,0,19,"20, Feb 09:50 AM"
572,Sylhet Division,Sylhet,"MAG Osmani Medical College Hospital, Sylhet",305,0,0,10,0,5,0,10,0,330,0,0,0,"18, Jul 09:06 AM"
573,Sylhet Division,Sylhet,"Mount Adora Hospital, Sylhet",16,1,0,0,0,0,0,0,0,16,1,0,6,"11, Oct 11:22 AM"
574,Sylhet Division,Sylhet,"North East Medical College Hospital, Sylhet",67,27,0,36,6,4,0,0,0,107,33,17,31,"06, Sep 04:37 AM"
575,Sylhet Division,Sylhet,Oasis Hospital Sylhet,2,2,0,0,0,0,0,0,0,2,2,0,100,"19, Sep 01:58 PM"
576,Sylhet Division,Sylhet,Parkview Hospital Ltd,8,1,0,2,0,9,0,,,19,1,0,5,"03, Feb 07:48 PM"
577,Sylhet Division,Sylhet,Sylhet Community Based Hospital,31,0,0,19,0,3,0,0,0,53,0,0,0,"19, Jan 04:37 PM"
578,Sylhet Division,Sylhet,Sylhet Shahid Shamsuddin Ahmed District Hospital,20,12,0,16,7,0,0,0,0,36,19,44,53,"13, Jul 10:00 AM"
579,Sylhet Division,Sylhet,Sylhet Womens Medical College and Hospital,80,6,0,10,0,0,0,10,2,100,8,0,8,"19, Feb 12:47 PM"
580,Sylhet Division,Sylhet,"Zakiganj Upazila Health Complex,Sylhet",3,0,0,0,0,0,0,0,0,3,0,0,0,"07, May 10:37 AM"
581,Dhaka Division,Tangail,Basail Upazila Health Complex,0,0,0,0,0,0,0,0,0,0,0,0,0,"03, Dec 10:53 PM"
582,Dhaka Division,Tangail,Bhuapur Upazila Health Complex,5,0,0,0,0,0,0,0,0,5,0,0,0,"05, Dec 07:56 PM"
583,Dhaka Division,Tangail,Delduar Upazila Health Complex,0,0,0,0,0,0,0,,,0,0,0,0,"30, Jul 06:53 PM"
584,Dhaka Division,Tangail,Dhanbari Upazila Health Complex,10,0,0,0,0,0,0,0,0,10,0,0,0,"11, Nov 10:23 AM"
585,Dhaka Division,Tangail,Ghatail Upazila Health Complex,0,0,0,0,0,0,0,0,0,0,0,0,0,"06, Dec 10:41 AM"
586,Dhaka Division,Tangail,Gopalpur Upazila Health Complex,2,0,0,0,0,0,0,0,0,2,0,0,0,"03, Dec 10:03 AM"
587,Dhaka Division,Tangail,Kalihati Upazila Health Complex,0,0,,0,0,,,,,0,0,0,0,"28, Aug 04:26 PM"
588,Dhaka Division,Tangail,Kumudini Hospital,52,5,0,8,0,3,0,0,0,63,5,0,8,"12, Dec 10:47 AM"
589,Dhaka Division,Tangail,Mirzapur Upazila Health Complex,5,0,0,0,0,0,0,,,5,0,0,0,"03, Jul 09:22 AM"
590,Dhaka Division,Tangail,Modhupur Upazila Health Complex,0,0,0,0,0,0,0,0,0,0,0,0,0,"06, Dec 11:55 AM"
591,Dhaka Division,Tangail,Nagarpur Upazila Health Complex,8,0,0,0,0,0,0,0,0,8,0,0,0,"07, Dec 09:34 AM"
592,Dhaka Division,Tangail,Sakhipur Upazila Health Complex,10,0,0,0,0,0,0,0,0,10,0,0,0,"03, Dec 02:13 PM"
593,Dhaka Division,Tangail,"Tangail District Hospital, Tangail",106,0,0,10,0,13,0,0,0,129,0,0,0,"15, Aug 07:08 PM"
594,Rangpur Division,Thakurgaon,Baliadangi Upazila Health Complex,25,0,0,0,0,0,0,0,0,25,0,0,0,"24, Mar 10:18 AM"
595,Rangpur Division,Thakurgaon,Haripur Upazila Health Complex,25,0,0,0,0,0,0,0,0,25,0,0,0,"05, Jul 07:53 PM"
596,Rangpur Division,Thakurgaon,Pirganj TG Upazila Health Complex,0,0,0,0,0,0,0,0,0,0,0,0,0,"08, Dec 09:57 AM"
597,Rangpur Division,Thakurgaon,Ranisankhail Upazila Health Complex,25,0,0,0,0,0,0,0,0,25,0,0,0,"07, Jun 09:36 AM"
598,Rangpur Division,Thakurgaon,"Thakurgaon District Hospital, Thakurgaon",200,0,0,0,0,0,0,0,0,200,0,0,0,"10, Mar 09:52 AM"
599,,,Total,15725,712,5,1201,98,341,19,747,26,18014,860,,,
